,country_code,country,region_1,date,retail_recreation,grocery_pharmacy,parks,transit,workplaces,residential
16799,CA,Canada,,2020-02-15,4.0,2.0,10.0,3.0,1.0,0.0
16800,CA,Canada,,2020-02-16,13.0,8.0,41.0,4.0,0.0,-2.0
16801,CA,Canada,,2020-02-17,-12.0,-15.0,63.0,-28.0,-52.0,11.0
16802,CA,Canada,,2020-02-18,-1.0,4.0,6.0,-1.0,-1.0,1.0
16803,CA,Canada,,2020-02-19,1.0,1.0,9.0,0.0,0.0,0.0
16804,CA,Canada,,2020-02-20,6.0,4.0,14.0,-1.0,1.0,0.0
16805,CA,Canada,,2020-02-21,2.0,-1.0,10.0,-1.0,-3.0,1.0
16806,CA,Canada,,2020-02-22,8.0,5.0,28.0,6.0,6.0,-1.0
16807,CA,Canada,,2020-02-23,10.0,6.0,36.0,5.0,5.0,-1.0
16808,CA,Canada,,2020-02-24,3.0,2.0,19.0,-1.0,3.0,0.0
16809,CA,Canada,,2020-02-25,2.0,5.0,9.0,0.0,3.0,0.0
16810,CA,Canada,,2020-02-26,-2.0,2.0,1.0,-2.0,1.0,1.0
16811,CA,Canada,,2020-02-27,-8.0,-9.0,-6.0,-5.0,-5.0,4.0
16812,CA,Canada,,2020-02-28,-1.0,1.0,-5.0,1.0,0.0,1.0
16813,CA,Canada,,2020-02-29,7.0,7.0,11.0,6.0,7.0,0.0
16814,CA,Canada,,2020-03-01,10.0,9.0,23.0,6.0,5.0,-1.0
16815,CA,Canada,,2020-03-02,3.0,3.0,1.0,-2.0,-1.0,1.0
16816,CA,Canada,,2020-03-03,4.0,6.0,8.0,-2.0,0.0,0.0
16817,CA,Canada,,2020-03-04,5.0,4.0,11.0,0.0,-1.0,1.0
16818,CA,Canada,,2020-03-05,7.0,5.0,18.0,-1.0,-2.0,1.0
16819,CA,Canada,,2020-03-06,1.0,-1.0,6.0,-3.0,-1.0,1.0
16820,CA,Canada,,2020-03-07,6.0,5.0,17.0,3.0,6.0,0.0
16821,CA,Canada,,2020-03-08,9.0,7.0,50.0,3.0,4.0,0.0
16822,CA,Canada,,2020-03-09,4.0,4.0,31.0,-3.0,2.0,1.0
16823,CA,Canada,,2020-03-10,-1.0,1.0,-2.0,-6.0,1.0,1.0
16824,CA,Canada,,2020-03-11,3.0,7.0,12.0,-3.0,2.0,1.0
16825,CA,Canada,,2020-03-12,7.0,27.0,11.0,-6.0,2.0,1.0
16826,CA,Canada,,2020-03-13,-5.0,35.0,-16.0,-17.0,-6.0,5.0
16827,CA,Canada,,2020-03-14,-11.0,19.0,-8.0,-19.0,-1.0,5.0
16828,CA,Canada,,2020-03-15,-12.0,11.0,28.0,-22.0,-5.0,4.0
16829,CA,Canada,,2020-03-16,-12.0,23.0,15.0,-37.0,-27.0,10.0
16830,CA,Canada,,2020-03-17,-27.0,13.0,7.0,-45.0,-35.0,14.0
16831,CA,Canada,,2020-03-18,-33.0,7.0,14.0,-48.0,-40.0,16.0
16832,CA,Canada,,2020-03-19,-36.0,4.0,18.0,-52.0,-43.0,17.0
16833,CA,Canada,,2020-03-20,-44.0,-5.0,-8.0,-54.0,-45.0,20.0
16834,CA,Canada,,2020-03-21,-49.0,-12.0,11.0,-49.0,-32.0,13.0
16835,CA,Canada,,2020-03-22,-51.0,-21.0,4.0,-54.0,-35.0,11.0
16836,CA,Canada,,2020-03-23,-45.0,-13.0,-27.0,-63.0,-51.0,20.0
16837,CA,Canada,,2020-03-24,-49.0,-15.0,-10.0,-64.0,-55.0,22.0
16838,CA,Canada,,2020-03-25,-53.0,-21.0,1.0,-65.0,-59.0,23.0
16839,CA,Canada,,2020-03-26,-54.0,-21.0,-18.0,-68.0,-59.0,25.0
16840,CA,Canada,,2020-03-27,-55.0,-21.0,-10.0,-66.0,-59.0,26.0
16841,CA,Canada,,2020-03-28,-59.0,-27.0,-30.0,-64.0,-44.0,17.0
16842,CA,Canada,,2020-03-29,-59.0,-35.0,-16.0,-66.0,-44.0,14.0
16843,CA,Canada,,2020-03-30,-54.0,-27.0,-32.0,-70.0,-60.0,23.0
16844,CA,Canada,,2020-03-31,-51.0,-19.0,-13.0,-68.0,-60.0,23.0
16845,CA,Canada,,2020-04-01,-52.0,-21.0,-10.0,-68.0,-61.0,24.0
16846,CA,Canada,,2020-04-02,-53.0,-23.0,-16.0,-70.0,-61.0,25.0
16847,CA,Canada,,2020-04-03,-55.0,-23.0,-33.0,-69.0,-60.0,27.0
16848,CA,Canada,,2020-04-04,-57.0,-25.0,-17.0,-63.0,-45.0,17.0
16849,CA,Canada,,2020-04-05,-63.0,-45.0,-13.0,-67.0,-46.0,14.0
16850,CA,Canada,,2020-04-06,-51.0,-21.0,2.0,-68.0,-60.0,23.0
16851,CA,Canada,,2020-04-07,-52.0,-18.0,-1.0,-68.0,-61.0,24.0
16852,CA,Canada,,2020-04-08,-51.0,-17.0,-3.0,-67.0,-61.0,24.0
16853,CA,Canada,,2020-04-09,-44.0,-3.0,-15.0,-68.0,-62.0,24.0
16854,CA,Canada,,2020-04-10,-70.0,-43.0,-24.0,-77.0,-81.0,33.0
16855,CA,Canada,,2020-04-11,-54.0,-15.0,-22.0,-63.0,-47.0,17.0
16856,CA,Canada,,2020-04-12,-74.0,-62.0,-4.0,-67.0,-51.0,14.0
16857,CA,Canada,,2020-04-13,-55.0,-29.0,-25.0,-74.0,-69.0,26.0
16858,CA,Canada,,2020-04-14,-50.0,-16.0,-11.0,-68.0,-60.0,24.0
16859,CA,Canada,,2020-04-15,-50.0,-19.0,-14.0,-68.0,-60.0,24.0
16860,CA,Canada,,2020-04-16,-49.0,-18.0,-6.0,-68.0,-60.0,25.0
16861,CA,Canada,,2020-04-17,-53.0,-22.0,-22.0,-67.0,-59.0,27.0
16862,CA,Canada,,2020-04-18,-54.0,-24.0,-3.0,-57.0,-40.0,16.0
16863,CA,Canada,,2020-04-19,-60.0,-43.0,-13.0,-64.0,-42.0,14.0
16864,CA,Canada,,2020-04-20,-46.0,-19.0,15.0,-65.0,-58.0,22.0
16865,CA,Canada,,2020-04-21,-50.0,-22.0,-17.0,-68.0,-58.0,23.0
16866,CA,Canada,,2020-04-22,-50.0,-22.0,-22.0,-67.0,-58.0,24.0
16867,CA,Canada,,2020-04-23,-49.0,-19.0,-1.0,-66.0,-58.0,24.0
16868,CA,Canada,,2020-04-24,-52.0,-22.0,-3.0,-65.0,-57.0,25.0
16869,CA,Canada,,2020-04-25,-51.0,-21.0,16.0,-54.0,-39.0,14.0
16870,CA,Canada,,2020-04-26,-57.0,-39.0,-6.0,-62.0,-41.0,13.0
16871,CA,Canada,,2020-04-27,-45.0,-17.0,14.0,-64.0,-56.0,21.0
16872,CA,Canada,,2020-04-28,-46.0,-16.0,14.0,-64.0,-57.0,16.0
16873,CA,Canada,,2020-04-29,-46.0,-17.0,6.0,-64.0,-57.0,22.0
16874,CA,Canada,,2020-04-30,-47.0,-17.0,-4.0,-65.0,-57.0,23.0
16875,CA,Canada,,2020-05-01,-47.0,-16.0,10.0,-61.0,-55.0,23.0
16876,CA,Canada,,2020-05-02,-49.0,-18.0,15.0,-52.0,-36.0,14.0
16877,CA,Canada,,2020-05-03,-51.0,-32.0,47.0,-54.0,-35.0,11.0
16878,CA,Canada,,2020-05-04,-42.0,-14.0,5.0,-64.0,-54.0,20.0
16879,CA,Canada,,2020-05-05,-42.0,-10.0,32.0,-62.0,-54.0,20.0
16880,CA,Canada,,2020-05-06,-41.0,-11.0,36.0,-60.0,-54.0,20.0
16881,CA,Canada,,2020-05-07,-42.0,-11.0,32.0,-62.0,-54.0,21.0
16882,CA,Canada,,2020-05-08,-45.0,-11.0,9.0,-62.0,-53.0,22.0
16883,CA,Canada,,2020-05-09,-44.0,-6.0,0.0,-55.0,-32.0,13.0
16884,CA,Canada,,2020-05-10,-44.0,-24.0,20.0,-55.0,-30.0,10.0
16885,CA,Canada,,2020-05-11,-41.0,-14.0,19.0,-62.0,-52.0,19.0
16886,CA,Canada,,2020-05-12,-41.0,-11.0,20.0,-61.0,-51.0,20.0
16887,CA,Canada,,2020-05-13,-38.0,-9.0,46.0,-58.0,-51.0,19.0
16888,CA,Canada,,2020-05-14,-38.0,-10.0,37.0,-60.0,-51.0,20.0
16889,CA,Canada,,2020-05-15,-41.0,-10.0,24.0,-59.0,-52.0,21.0
16890,CA,Canada,,2020-05-16,-40.0,-9.0,62.0,-47.0,-30.0,10.0
16891,CA,Canada,,2020-05-17,-41.0,-23.0,86.0,-51.0,-29.0,8.0
16892,CA,Canada,,2020-05-18,-48.0,-27.0,94.0,-69.0,-79.0,24.0
16893,CA,Canada,,2020-05-19,-31.0,0.0,57.0,-57.0,-49.0,18.0
16894,CA,Canada,,2020-05-20,-28.0,1.0,70.0,-54.0,-49.0,17.0
16895,CA,Canada,,2020-05-21,-30.0,-2.0,73.0,-55.0,-49.0,18.0
16896,CA,Canada,,2020-05-22,-34.0,-5.0,63.0,-54.0,-46.0,18.0
16897,CA,Canada,,2020-05-23,-33.0,-4.0,85.0,-42.0,-21.0,9.0
16898,CA,Canada,,2020-05-24,-32.0,-14.0,115.0,-43.0,-21.0,6.0
16899,CA,Canada,,2020-05-25,-26.0,-4.0,64.0,-55.0,-48.0,16.0
16900,CA,Canada,Alberta,2020-02-15,7.0,3.0,24.0,7.0,-2.0,-1.0
16901,CA,Canada,Alberta,2020-02-16,10.0,-2.0,28.0,3.0,-3.0,-2.0
16902,CA,Canada,Alberta,2020-02-17,-7.0,-2.0,10.0,-40.0,-67.0,15.0
16903,CA,Canada,Alberta,2020-02-18,-1.0,1.0,-2.0,-9.0,-5.0,2.0
16904,CA,Canada,Alberta,2020-02-19,3.0,4.0,21.0,-7.0,-1.0,1.0
16905,CA,Canada,Alberta,2020-02-20,7.0,9.0,11.0,-6.0,-1.0,0.0
16906,CA,Canada,Alberta,2020-02-21,2.0,3.0,18.0,-1.0,2.0,0.0
16907,CA,Canada,Alberta,2020-02-22,8.0,7.0,19.0,4.0,5.0,-1.0
16908,CA,Canada,Alberta,2020-02-23,4.0,3.0,8.0,0.0,3.0,0.0
16909,CA,Canada,Alberta,2020-02-24,-1.0,1.0,1.0,3.0,4.0,0.0
16910,CA,Canada,Alberta,2020-02-25,2.0,3.0,13.0,2.0,5.0,0.0
16911,CA,Canada,Alberta,2020-02-26,5.0,7.0,8.0,1.0,5.0,-1.0
16912,CA,Canada,Alberta,2020-02-27,7.0,10.0,13.0,1.0,2.0,0.0
16913,CA,Canada,Alberta,2020-02-28,8.0,11.0,13.0,6.0,4.0,-1.0
16914,CA,Canada,Alberta,2020-02-29,5.0,7.0,8.0,4.0,5.0,0.0
16915,CA,Canada,Alberta,2020-03-01,8.0,10.0,13.0,4.0,4.0,-1.0
16916,CA,Canada,Alberta,2020-03-02,4.0,7.0,3.0,1.0,5.0,0.0
16917,CA,Canada,Alberta,2020-03-03,5.0,9.0,13.0,0.0,5.0,0.0
16918,CA,Canada,Alberta,2020-03-04,4.0,7.0,4.0,0.0,5.0,0.0
16919,CA,Canada,Alberta,2020-03-05,6.0,9.0,2.0,0.0,4.0,0.0
16920,CA,Canada,Alberta,2020-03-06,4.0,9.0,9.0,3.0,6.0,0.0
16921,CA,Canada,Alberta,2020-03-07,-2.0,2.0,-11.0,-6.0,3.0,2.0
16922,CA,Canada,Alberta,2020-03-08,-1.0,3.0,-10.0,-4.0,2.0,1.0
16923,CA,Canada,Alberta,2020-03-09,2.0,7.0,16.0,-1.0,4.0,0.0
16924,CA,Canada,Alberta,2020-03-10,2.0,5.0,9.0,-4.0,4.0,1.0
16925,CA,Canada,Alberta,2020-03-11,3.0,11.0,16.0,-5.0,4.0,1.0
16926,CA,Canada,Alberta,2020-03-12,4.0,29.0,-6.0,-8.0,2.0,1.0
16927,CA,Canada,Alberta,2020-03-13,-8.0,30.0,-28.0,-17.0,-3.0,5.0
16928,CA,Canada,Alberta,2020-03-14,-19.0,12.0,-45.0,-26.0,-5.0,7.0
16929,CA,Canada,Alberta,2020-03-15,-18.0,9.0,-28.0,-25.0,-7.0,5.0
16930,CA,Canada,Alberta,2020-03-16,-11.0,31.0,-13.0,-39.0,-22.0,9.0
16931,CA,Canada,Alberta,2020-03-17,-21.0,17.0,-12.0,-45.0,-29.0,13.0
16932,CA,Canada,Alberta,2020-03-18,-31.0,11.0,-24.0,-52.0,-35.0,16.0
16933,CA,Canada,Alberta,2020-03-19,-35.0,3.0,-28.0,-56.0,-39.0,18.0
16934,CA,Canada,Alberta,2020-03-20,-38.0,4.0,-9.0,-53.0,-40.0,19.0
16935,CA,Canada,Alberta,2020-03-21,-46.0,-9.0,8.0,-47.0,-30.0,13.0
16936,CA,Canada,Alberta,2020-03-22,-49.0,-21.0,16.0,-51.0,-34.0,11.0
16937,CA,Canada,Alberta,2020-03-23,-43.0,-11.0,-22.0,-63.0,-46.0,19.0
16938,CA,Canada,Alberta,2020-03-24,-48.0,-16.0,-31.0,-66.0,-49.0,22.0
16939,CA,Canada,Alberta,2020-03-25,-47.0,-11.0,-25.0,-66.0,-50.0,22.0
16940,CA,Canada,Alberta,2020-03-26,-47.0,-12.0,-24.0,-68.0,-51.0,22.0
16941,CA,Canada,Alberta,2020-03-27,-48.0,-11.0,-16.0,-65.0,-50.0,23.0
16942,CA,Canada,Alberta,2020-03-28,-55.0,-21.0,-40.0,-63.0,-40.0,16.0
16943,CA,Canada,Alberta,2020-03-29,-55.0,-29.0,-23.0,-63.0,-41.0,13.0
16944,CA,Canada,Alberta,2020-03-30,-50.0,-22.0,-49.0,-71.0,-52.0,21.0
16945,CA,Canada,Alberta,2020-03-31,-51.0,-21.0,-47.0,-70.0,-53.0,23.0
16946,CA,Canada,Alberta,2020-04-01,-47.0,-13.0,-49.0,-71.0,-53.0,23.0
16947,CA,Canada,Alberta,2020-04-02,-49.0,-15.0,-48.0,-72.0,-53.0,24.0
16948,CA,Canada,Alberta,2020-04-03,-51.0,-16.0,-49.0,-71.0,-52.0,25.0
16949,CA,Canada,Alberta,2020-04-04,-53.0,-20.0,-31.0,-63.0,-42.0,16.0
16950,CA,Canada,Alberta,2020-04-05,-57.0,-33.0,-51.0,-69.0,-43.0,14.0
16951,CA,Canada,Alberta,2020-04-06,-47.0,-17.0,-26.0,-69.0,-52.0,21.0
16952,CA,Canada,Alberta,2020-04-07,-48.0,-15.0,-36.0,-70.0,-53.0,23.0
16953,CA,Canada,Alberta,2020-04-08,-45.0,-8.0,-23.0,-69.0,-53.0,22.0
16954,CA,Canada,Alberta,2020-04-09,-36.0,9.0,-10.0,-67.0,-54.0,21.0
16955,CA,Canada,Alberta,2020-04-10,-57.0,-17.0,-37.0,-77.0,-78.0,32.0
16956,CA,Canada,Alberta,2020-04-11,-52.0,-13.0,-44.0,-64.0,-45.0,16.0
16957,CA,Canada,Alberta,2020-04-12,-63.0,-40.0,-43.0,-67.0,-46.0,14.0
16958,CA,Canada,Alberta,2020-04-13,-48.0,-19.0,-19.0,-71.0,-59.0,23.0
16959,CA,Canada,Alberta,2020-04-14,-46.0,-15.0,-30.0,-69.0,-53.0,23.0
16960,CA,Canada,Alberta,2020-04-15,-45.0,-10.0,-37.0,-70.0,-53.0,23.0
16961,CA,Canada,Alberta,2020-04-16,-41.0,-4.0,-5.0,-67.0,-53.0,22.0
16962,CA,Canada,Alberta,2020-04-17,-45.0,-11.0,-28.0,-67.0,-52.0,24.0
16963,CA,Canada,Alberta,2020-04-18,-49.0,-16.0,-21.0,-56.0,-38.0,15.0
16964,CA,Canada,Alberta,2020-04-19,-47.0,-23.0,21.0,-54.0,-37.0,11.0
16965,CA,Canada,Alberta,2020-04-20,-40.0,-12.0,17.0,-63.0,-51.0,19.0
16966,CA,Canada,Alberta,2020-04-21,-41.0,-11.0,18.0,-64.0,-51.0,20.0
16967,CA,Canada,Alberta,2020-04-22,-42.0,-9.0,-10.0,-66.0,-51.0,21.0
16968,CA,Canada,Alberta,2020-04-23,-42.0,-8.0,-13.0,-66.0,-51.0,21.0
16969,CA,Canada,Alberta,2020-04-24,-44.0,-9.0,4.0,-63.0,-50.0,21.0
16970,CA,Canada,Alberta,2020-04-25,-45.0,-14.0,6.0,-52.0,-37.0,13.0
16971,CA,Canada,Alberta,2020-04-26,-45.0,-20.0,8.0,-56.0,-38.0,11.0
16972,CA,Canada,Alberta,2020-04-27,-41.0,-13.0,-11.0,-65.0,-50.0,19.0
16973,CA,Canada,Alberta,2020-04-28,-39.0,-8.0,23.0,-63.0,-51.0,12.0
16974,CA,Canada,Alberta,2020-04-29,-39.0,-5.0,19.0,-64.0,-51.0,20.0
16975,CA,Canada,Alberta,2020-04-30,-40.0,-6.0,-12.0,-65.0,-51.0,20.0
16976,CA,Canada,Alberta,2020-05-01,-39.0,-4.0,19.0,-58.0,-49.0,20.0
16977,CA,Canada,Alberta,2020-05-02,-40.0,-7.0,55.0,-44.0,-34.0,10.0
16978,CA,Canada,Alberta,2020-05-03,-44.0,-20.0,-1.0,-55.0,-34.0,10.0
16979,CA,Canada,Alberta,2020-05-04,-40.0,-11.0,-27.0,-66.0,-50.0,19.0
16980,CA,Canada,Alberta,2020-05-05,-34.0,0.0,49.0,-60.0,-49.0,18.0
16981,CA,Canada,Alberta,2020-05-06,-36.0,-2.0,20.0,-62.0,-49.0,19.0
16982,CA,Canada,Alberta,2020-05-07,-37.0,-2.0,6.0,-63.0,-49.0,19.0
16983,CA,Canada,Alberta,2020-05-08,-40.0,-2.0,-1.0,-61.0,-47.0,20.0
16984,CA,Canada,Alberta,2020-05-09,-38.0,4.0,24.0,-50.0,-30.0,10.0
16985,CA,Canada,Alberta,2020-05-10,-37.0,-6.0,-9.0,-55.0,-29.0,8.0
16986,CA,Canada,Alberta,2020-05-11,-38.0,-10.0,2.0,-62.0,-47.0,17.0
16987,CA,Canada,Alberta,2020-05-12,-36.0,-7.0,22.0,-61.0,-47.0,18.0
16988,CA,Canada,Alberta,2020-05-13,-31.0,3.0,57.0,-58.0,-46.0,17.0
16989,CA,Canada,Alberta,2020-05-14,-30.0,3.0,22.0,-60.0,-47.0,17.0
16990,CA,Canada,Alberta,2020-05-15,-31.0,2.0,54.0,-54.0,-47.0,16.0
16991,CA,Canada,Alberta,2020-05-16,-33.0,-1.0,109.0,-40.0,-29.0,7.0
16992,CA,Canada,Alberta,2020-05-17,-30.0,-9.0,107.0,-44.0,-27.0,5.0
16993,CA,Canada,Alberta,2020-05-18,-34.0,-5.0,88.0,-65.0,-76.0,21.0
16994,CA,Canada,Alberta,2020-05-19,-27.0,0.0,31.0,-58.0,-46.0,17.0
16995,CA,Canada,Alberta,2020-05-20,-24.0,7.0,5.0,-60.0,-45.0,17.0
16996,CA,Canada,Alberta,2020-05-21,-32.0,-3.0,-43.0,-66.0,-47.0,21.0
16997,CA,Canada,Alberta,2020-05-22,-33.0,-1.0,-24.0,-62.0,-43.0,19.0
16998,CA,Canada,Alberta,2020-05-23,-29.0,3.0,54.0,-43.0,-20.0,9.0
16999,CA,Canada,Alberta,2020-05-24,-24.0,-5.0,148.0,-39.0,-22.0,4.0
17000,CA,Canada,Alberta,2020-05-25,-20.0,0.0,48.0,-55.0,-44.0,14.0
17001,CA,Canada,British Columbia,2020-02-15,1.0,0.0,-4.0,2.0,-4.0,0.0
17002,CA,Canada,British Columbia,2020-02-16,12.0,2.0,41.0,10.0,-2.0,-2.0
17003,CA,Canada,British Columbia,2020-02-17,5.0,9.0,114.0,-21.0,-67.0,12.0
17004,CA,Canada,British Columbia,2020-02-18,6.0,8.0,60.0,1.0,1.0,0.0
17005,CA,Canada,British Columbia,2020-02-19,6.0,6.0,54.0,5.0,0.0,0.0
17006,CA,Canada,British Columbia,2020-02-20,6.0,8.0,56.0,0.0,0.0,0.0
17007,CA,Canada,British Columbia,2020-02-21,6.0,3.0,44.0,3.0,1.0,-1.0
17008,CA,Canada,British Columbia,2020-02-22,5.0,3.0,21.0,4.0,2.0,0.0
17009,CA,Canada,British Columbia,2020-02-23,3.0,0.0,-2.0,1.0,0.0,0.0
17010,CA,Canada,British Columbia,2020-02-24,1.0,4.0,22.0,0.0,2.0,0.0
17011,CA,Canada,British Columbia,2020-02-25,2.0,3.0,23.0,1.0,4.0,0.0
17012,CA,Canada,British Columbia,2020-02-26,2.0,4.0,32.0,3.0,2.0,0.0
17013,CA,Canada,British Columbia,2020-02-27,2.0,4.0,23.0,0.0,3.0,0.0
17014,CA,Canada,British Columbia,2020-02-28,5.0,4.0,18.0,2.0,3.0,-2.0
17015,CA,Canada,British Columbia,2020-02-29,7.0,8.0,39.0,7.0,3.0,-1.0
17016,CA,Canada,British Columbia,2020-03-01,7.0,7.0,31.0,6.0,2.0,-1.0
17017,CA,Canada,British Columbia,2020-03-02,-1.0,4.0,-8.0,-4.0,2.0,1.0
17018,CA,Canada,British Columbia,2020-03-03,3.0,7.0,27.0,-2.0,5.0,1.0
17019,CA,Canada,British Columbia,2020-03-04,5.0,6.0,56.0,4.0,2.0,-1.0
17020,CA,Canada,British Columbia,2020-03-05,1.0,3.0,13.0,-4.0,2.0,1.0
17021,CA,Canada,British Columbia,2020-03-06,7.0,6.0,54.0,4.0,4.0,-2.0
17022,CA,Canada,British Columbia,2020-03-07,3.0,4.0,11.0,0.0,2.0,0.0
17023,CA,Canada,British Columbia,2020-03-08,7.0,6.0,60.0,6.0,0.0,0.0
17024,CA,Canada,British Columbia,2020-03-09,1.0,6.0,48.0,-3.0,1.0,1.0
17025,CA,Canada,British Columbia,2020-03-10,0.0,2.0,14.0,-7.0,3.0,2.0
17026,CA,Canada,British Columbia,2020-03-11,3.0,8.0,53.0,-3.0,0.0,1.0
17027,CA,Canada,British Columbia,2020-03-12,2.0,18.0,37.0,-8.0,0.0,2.0
17028,CA,Canada,British Columbia,2020-03-13,0.0,27.0,10.0,-14.0,-2.0,2.0
17029,CA,Canada,British Columbia,2020-03-14,-7.0,21.0,9.0,-17.0,-4.0,4.0
17030,CA,Canada,British Columbia,2020-03-15,-6.0,15.0,58.0,-15.0,-8.0,3.0
17031,CA,Canada,British Columbia,2020-03-16,-6.0,34.0,55.0,-27.0,-24.0,8.0
17032,CA,Canada,British Columbia,2020-03-17,-16.0,27.0,80.0,-34.0,-31.0,12.0
17033,CA,Canada,British Columbia,2020-03-18,-27.0,17.0,87.0,-39.0,-39.0,14.0
17034,CA,Canada,British Columbia,2020-03-19,-34.0,6.0,81.0,-45.0,-43.0,16.0
17035,CA,Canada,British Columbia,2020-03-20,-38.0,1.0,77.0,-45.0,-44.0,16.0
17036,CA,Canada,British Columbia,2020-03-21,-48.0,-9.0,50.0,-46.0,-37.0,12.0
17037,CA,Canada,British Columbia,2020-03-22,-53.0,-21.0,8.0,-53.0,-41.0,12.0
17038,CA,Canada,British Columbia,2020-03-23,-48.0,-16.0,-4.0,-58.0,-52.0,20.0
17039,CA,Canada,British Columbia,2020-03-24,-50.0,-17.0,16.0,-61.0,-54.0,22.0
17040,CA,Canada,British Columbia,2020-03-25,-49.0,-16.0,40.0,-58.0,-56.0,21.0
17041,CA,Canada,British Columbia,2020-03-26,-54.0,-22.0,-18.0,-64.0,-57.0,23.0
17042,CA,Canada,British Columbia,2020-03-27,-53.0,-22.0,-21.0,-64.0,-56.0,23.0
17043,CA,Canada,British Columbia,2020-03-28,-60.0,-28.0,-37.0,-65.0,-48.0,17.0
17044,CA,Canada,British Columbia,2020-03-29,-54.0,-28.0,27.0,-59.0,-47.0,13.0
17045,CA,Canada,British Columbia,2020-03-30,-51.0,-25.0,-11.0,-64.0,-56.0,21.0
17046,CA,Canada,British Columbia,2020-03-31,-48.0,-20.0,28.0,-62.0,-56.0,22.0
17047,CA,Canada,British Columbia,2020-04-01,-50.0,-22.0,23.0,-63.0,-57.0,22.0
17048,CA,Canada,British Columbia,2020-04-02,-51.0,-22.0,14.0,-65.0,-57.0,23.0
17049,CA,Canada,British Columbia,2020-04-03,-50.0,-21.0,5.0,-63.0,-55.0,22.0
17050,CA,Canada,British Columbia,2020-04-04,-54.0,-24.0,-1.0,-62.0,-47.0,16.0
17051,CA,Canada,British Columbia,2020-04-05,-53.0,-30.0,31.0,-61.0,-47.0,13.0
17052,CA,Canada,British Columbia,2020-04-06,-47.0,-23.0,36.0,-61.0,-55.0,20.0
17053,CA,Canada,British Columbia,2020-04-07,-46.0,-19.0,67.0,-60.0,-55.0,21.0
17054,CA,Canada,British Columbia,2020-04-08,-46.0,-19.0,53.0,-59.0,-56.0,21.0
17055,CA,Canada,British Columbia,2020-04-09,-39.0,-7.0,59.0,-59.0,-56.0,20.0
17056,CA,Canada,British Columbia,2020-04-10,-52.0,-19.0,64.0,-67.0,-78.0,27.0
17057,CA,Canada,British Columbia,2020-04-11,-51.0,-17.0,21.0,-58.0,-48.0,15.0
17058,CA,Canada,British Columbia,2020-04-12,-57.0,-35.0,42.0,-60.0,-48.0,12.0
17059,CA,Canada,British Columbia,2020-04-13,-49.0,-25.0,47.0,-65.0,-67.0,23.0
17060,CA,Canada,British Columbia,2020-04-14,-44.0,-16.0,58.0,-60.0,-54.0,21.0
17061,CA,Canada,British Columbia,2020-04-15,-43.0,-16.0,64.0,-58.0,-55.0,21.0
17062,CA,Canada,British Columbia,2020-04-16,-43.0,-16.0,70.0,-59.0,-54.0,21.0
17063,CA,Canada,British Columbia,2020-04-17,-45.0,-18.0,28.0,-59.0,-53.0,21.0
17064,CA,Canada,British Columbia,2020-04-18,-49.0,-19.0,38.0,-53.0,-41.0,14.0
17065,CA,Canada,British Columbia,2020-04-19,-49.0,-26.0,41.0,-56.0,-42.0,11.0
17066,CA,Canada,British Columbia,2020-04-20,-44.0,-18.0,54.0,-58.0,-53.0,19.0
17067,CA,Canada,British Columbia,2020-04-21,-44.0,-16.0,47.0,-60.0,-52.0,20.0
17068,CA,Canada,British Columbia,2020-04-22,-47.0,-18.0,2.0,-61.0,-54.0,21.0
17069,CA,Canada,British Columbia,2020-04-23,-45.0,-14.0,46.0,-58.0,-53.0,21.0
17070,CA,Canada,British Columbia,2020-04-24,-46.0,-15.0,39.0,-57.0,-51.0,19.0
17071,CA,Canada,British Columbia,2020-04-25,-50.0,-16.0,7.0,-56.0,-41.0,15.0
17072,CA,Canada,British Columbia,2020-04-26,-49.0,-22.0,25.0,-57.0,-42.0,12.0
17073,CA,Canada,British Columbia,2020-04-27,-44.0,-15.0,41.0,-58.0,-52.0,19.0
17074,CA,Canada,British Columbia,2020-04-28,-44.0,-13.0,32.0,-59.0,-52.0,13.0
17075,CA,Canada,British Columbia,2020-04-29,-46.0,-14.0,23.0,-58.0,-53.0,20.0
17076,CA,Canada,British Columbia,2020-04-30,-43.0,-9.0,65.0,-56.0,-52.0,20.0
17077,CA,Canada,British Columbia,2020-05-01,-42.0,-10.0,65.0,-54.0,-50.0,18.0
17078,CA,Canada,British Columbia,2020-05-02,-50.0,-16.0,-15.0,-58.0,-41.0,15.0
17079,CA,Canada,British Columbia,2020-05-03,-45.0,-16.0,43.0,-53.0,-38.0,11.0
17080,CA,Canada,British Columbia,2020-05-04,-42.0,-12.0,42.0,-57.0,-50.0,18.0
17081,CA,Canada,British Columbia,2020-05-05,-39.0,-6.0,115.0,-54.0,-49.0,18.0
17082,CA,Canada,British Columbia,2020-05-06,-41.0,-8.0,57.0,-55.0,-51.0,19.0
17083,CA,Canada,British Columbia,2020-05-07,-39.0,-4.0,103.0,-54.0,-50.0,18.0
17084,CA,Canada,British Columbia,2020-05-08,-37.0,-1.0,118.0,-51.0,-48.0,16.0
17085,CA,Canada,British Columbia,2020-05-09,-39.0,3.0,84.0,-45.0,-35.0,10.0
17086,CA,Canada,British Columbia,2020-05-10,-34.0,-3.0,104.0,-44.0,-32.0,6.0
17087,CA,Canada,British Columbia,2020-05-11,-40.0,-9.0,64.0,-54.0,-49.0,17.0
17088,CA,Canada,British Columbia,2020-05-12,-41.0,-7.0,45.0,-57.0,-48.0,19.0
17089,CA,Canada,British Columbia,2020-05-13,-40.0,-6.0,54.0,-55.0,-49.0,18.0
17090,CA,Canada,British Columbia,2020-05-14,-39.0,-3.0,80.0,-54.0,-48.0,18.0
17091,CA,Canada,British Columbia,2020-05-15,-36.0,-1.0,118.0,-50.0,-48.0,15.0
17092,CA,Canada,British Columbia,2020-05-16,-45.0,-10.0,1.0,-55.0,-37.0,12.0
17093,CA,Canada,British Columbia,2020-05-17,-40.0,-11.0,64.0,-50.0,-34.0,9.0
17094,CA,Canada,British Columbia,2020-05-18,-37.0,-4.0,185.0,-57.0,-76.0,20.0
17095,CA,Canada,British Columbia,2020-05-19,-32.0,-1.0,116.0,-51.0,-45.0,16.0
17096,CA,Canada,British Columbia,2020-05-20,-32.0,-1.0,52.0,-51.0,-46.0,17.0
17097,CA,Canada,British Columbia,2020-05-21,-33.0,0.0,61.0,-52.0,-45.0,18.0
17098,CA,Canada,British Columbia,2020-05-22,-32.0,-2.0,66.0,-50.0,-42.0,15.0
17099,CA,Canada,British Columbia,2020-05-23,-34.0,-3.0,58.0,-44.0,-26.0,9.0
17100,CA,Canada,British Columbia,2020-05-24,-33.0,-9.0,71.0,-44.0,-26.0,8.0
17101,CA,Canada,British Columbia,2020-05-25,-32.0,-4.0,22.0,-54.0,-45.0,17.0
17102,CA,Canada,Manitoba,2020-02-15,5.0,2.0,20.0,1.0,1.0,0.0
17103,CA,Canada,Manitoba,2020-02-16,10.0,0.0,26.0,-4.0,-4.0,-2.0
17104,CA,Canada,Manitoba,2020-02-17,-19.0,-24.0,60.0,-37.0,-69.0,17.0
17105,CA,Canada,Manitoba,2020-02-18,3.0,6.0,4.0,-5.0,-1.0,1.0
17106,CA,Canada,Manitoba,2020-02-19,0.0,-1.0,0.0,-9.0,0.0,1.0
17107,CA,Canada,Manitoba,2020-02-20,9.0,12.0,28.0,-7.0,2.0,0.0
17108,CA,Canada,Manitoba,2020-02-21,5.0,3.0,28.0,-2.0,0.0,0.0
17109,CA,Canada,Manitoba,2020-02-22,8.0,3.0,63.0,11.0,7.0,-1.0
17110,CA,Canada,Manitoba,2020-02-23,5.0,4.0,45.0,1.0,2.0,-1.0
17111,CA,Canada,Manitoba,2020-02-24,5.0,1.0,12.0,2.0,2.0,1.0
17112,CA,Canada,Manitoba,2020-02-25,1.0,3.0,10.0,-1.0,4.0,1.0
17113,CA,Canada,Manitoba,2020-02-26,8.0,5.0,3.0,4.0,4.0,0.0
17114,CA,Canada,Manitoba,2020-02-27,11.0,10.0,12.0,-4.0,6.0,0.0
17115,CA,Canada,Manitoba,2020-02-28,6.0,5.0,4.0,1.0,3.0,0.0
17116,CA,Canada,Manitoba,2020-02-29,11.0,7.0,16.0,8.0,7.0,0.0
17117,CA,Canada,Manitoba,2020-03-01,5.0,5.0,4.0,3.0,3.0,0.0
17118,CA,Canada,Manitoba,2020-03-02,1.0,1.0,0.0,-2.0,3.0,1.0
17119,CA,Canada,Manitoba,2020-03-03,7.0,7.0,15.0,2.0,4.0,0.0
17120,CA,Canada,Manitoba,2020-03-04,2.0,1.0,3.0,-2.0,3.0,1.0
17121,CA,Canada,Manitoba,2020-03-05,4.0,8.0,10.0,2.0,3.0,1.0
17122,CA,Canada,Manitoba,2020-03-06,7.0,2.0,-2.0,-1.0,2.0,0.0
17123,CA,Canada,Manitoba,2020-03-07,10.0,7.0,16.0,6.0,6.0,0.0
17124,CA,Canada,Manitoba,2020-03-08,4.0,2.0,-2.0,-4.0,2.0,1.0
17125,CA,Canada,Manitoba,2020-03-09,4.0,2.0,3.0,-5.0,3.0,1.0
17126,CA,Canada,Manitoba,2020-03-10,4.0,7.0,14.0,-1.0,4.0,1.0
17127,CA,Canada,Manitoba,2020-03-11,7.0,8.0,9.0,-3.0,4.0,0.0
17128,CA,Canada,Manitoba,2020-03-12,12.0,33.0,5.0,-6.0,5.0,0.0
17129,CA,Canada,Manitoba,2020-03-13,4.0,41.0,-14.0,-12.0,-5.0,3.0
17130,CA,Canada,Manitoba,2020-03-14,-7.0,23.0,-23.0,-12.0,1.0,4.0
17131,CA,Canada,Manitoba,2020-03-15,-18.0,3.0,-20.0,-22.0,-7.0,4.0
17132,CA,Canada,Manitoba,2020-03-16,-11.0,18.0,-19.0,-29.0,-11.0,7.0
17133,CA,Canada,Manitoba,2020-03-17,-19.0,19.0,-16.0,-31.0,-17.0,10.0
17134,CA,Canada,Manitoba,2020-03-18,-25.0,13.0,-28.0,-41.0,-23.0,12.0
17135,CA,Canada,Manitoba,2020-03-19,-29.0,12.0,-27.0,-48.0,-27.0,14.0
17136,CA,Canada,Manitoba,2020-03-20,-31.0,8.0,-31.0,-46.0,-31.0,15.0
17137,CA,Canada,Manitoba,2020-03-21,-45.0,-9.0,-25.0,-41.0,-24.0,12.0
17138,CA,Canada,Manitoba,2020-03-22,-51.0,-21.0,-16.0,-50.0,-32.0,10.0
17139,CA,Canada,Manitoba,2020-03-23,-41.0,-11.0,-3.0,-54.0,-40.0,17.0
17140,CA,Canada,Manitoba,2020-03-24,-45.0,-11.0,-32.0,-57.0,-42.0,19.0
17141,CA,Canada,Manitoba,2020-03-25,-45.0,-14.0,-19.0,-57.0,-43.0,19.0
17142,CA,Canada,Manitoba,2020-03-26,-43.0,-7.0,-18.0,-60.0,-43.0,20.0
17143,CA,Canada,Manitoba,2020-03-27,-40.0,-5.0,-14.0,-57.0,-44.0,20.0
17144,CA,Canada,Manitoba,2020-03-28,-46.0,-13.0,-9.0,-50.0,-33.0,13.0
17145,CA,Canada,Manitoba,2020-03-29,-49.0,-21.0,-9.0,-56.0,-36.0,11.0
17146,CA,Canada,Manitoba,2020-03-30,-38.0,-12.0,4.0,-57.0,-47.0,18.0
17147,CA,Canada,Manitoba,2020-03-31,-36.0,-4.0,2.0,-58.0,-47.0,19.0
17148,CA,Canada,Manitoba,2020-04-01,-46.0,-14.0,-24.0,-62.0,-49.0,20.0
17149,CA,Canada,Manitoba,2020-04-02,-59.0,-28.0,-55.0,-68.0,-52.0,24.0
17150,CA,Canada,Manitoba,2020-04-03,-55.0,-24.0,-60.0,-65.0,-54.0,25.0
17151,CA,Canada,Manitoba,2020-04-04,-54.0,-23.0,-52.0,-57.0,-37.0,16.0
17152,CA,Canada,Manitoba,2020-04-05,-54.0,-29.0,-30.0,-61.0,-40.0,12.0
17153,CA,Canada,Manitoba,2020-04-06,-43.0,-17.0,-16.0,-61.0,-48.0,20.0
17154,CA,Canada,Manitoba,2020-04-07,-44.0,-9.0,-11.0,-59.0,-49.0,21.0
17155,CA,Canada,Manitoba,2020-04-08,-43.0,-12.0,-36.0,-62.0,-49.0,21.0
17156,CA,Canada,Manitoba,2020-04-09,-27.0,21.0,-26.0,-59.0,-49.0,19.0
17157,CA,Canada,Manitoba,2020-04-10,-75.0,-63.0,-7.0,-73.0,-82.0,33.0
17158,CA,Canada,Manitoba,2020-04-11,-42.0,0.0,-42.0,-55.0,-38.0,15.0
17159,CA,Canada,Manitoba,2020-04-12,-74.0,-63.0,-35.0,-65.0,-47.0,13.0
17160,CA,Canada,Manitoba,2020-04-13,-44.0,-16.0,-38.0,-68.0,-57.0,23.0
17161,CA,Canada,Manitoba,2020-04-14,-43.0,-10.0,-25.0,-60.0,-48.0,21.0
17162,CA,Canada,Manitoba,2020-04-15,-38.0,-10.0,-19.0,-59.0,-48.0,20.0
17163,CA,Canada,Manitoba,2020-04-16,-39.0,-6.0,-15.0,-60.0,-47.0,21.0
17164,CA,Canada,Manitoba,2020-04-17,-39.0,-10.0,-2.0,-58.0,-48.0,21.0
17165,CA,Canada,Manitoba,2020-04-18,-48.0,-19.0,-42.0,-56.0,-33.0,14.0
17166,CA,Canada,Manitoba,2020-04-19,-49.0,-27.0,-19.0,-61.0,-36.0,11.0
17167,CA,Canada,Manitoba,2020-04-20,-42.0,-16.0,-27.0,-61.0,-46.0,19.0
17168,CA,Canada,Manitoba,2020-04-21,-42.0,-12.0,-11.0,-60.0,-47.0,20.0
17169,CA,Canada,Manitoba,2020-04-22,-38.0,-9.0,21.0,-57.0,-46.0,19.0
17170,CA,Canada,Manitoba,2020-04-23,-36.0,-3.0,39.0,-57.0,-45.0,18.0
17171,CA,Canada,Manitoba,2020-04-24,-39.0,-10.0,8.0,-56.0,-46.0,19.0
17172,CA,Canada,Manitoba,2020-04-25,-46.0,-18.0,-29.0,-53.0,-31.0,13.0
17173,CA,Canada,Manitoba,2020-04-26,-44.0,-22.0,14.0,-55.0,-34.0,9.0
17174,CA,Canada,Manitoba,2020-04-27,-34.0,-10.0,35.0,-56.0,-45.0,17.0
17175,CA,Canada,Manitoba,2020-04-28,-36.0,-5.0,-9.0,-55.0,-46.0,13.0
17176,CA,Canada,Manitoba,2020-04-29,-31.0,-2.0,43.0,-52.0,-45.0,17.0
17177,CA,Canada,Manitoba,2020-04-30,-30.0,1.0,49.0,-54.0,-44.0,17.0
17178,CA,Canada,Manitoba,2020-05-01,-37.0,-10.0,-22.0,-58.0,-45.0,20.0
17179,CA,Canada,Manitoba,2020-05-02,-42.0,-14.0,-23.0,-50.0,-29.0,12.0
17180,CA,Canada,Manitoba,2020-05-03,-39.0,-16.0,18.0,-53.0,-30.0,8.0
17181,CA,Canada,Manitoba,2020-05-04,-28.0,-9.0,23.0,-55.0,-42.0,16.0
17182,CA,Canada,Manitoba,2020-05-05,-27.0,0.0,52.0,-50.0,-42.0,16.0
17183,CA,Canada,Manitoba,2020-05-06,-26.0,-2.0,45.0,-51.0,-42.0,16.0
17184,CA,Canada,Manitoba,2020-05-07,-25.0,4.0,27.0,-55.0,-41.0,17.0
17185,CA,Canada,Manitoba,2020-05-08,-28.0,0.0,20.0,-53.0,-42.0,17.0
17186,CA,Canada,Manitoba,2020-05-09,-29.0,3.0,10.0,-45.0,-23.0,10.0
17187,CA,Canada,Manitoba,2020-05-10,-27.0,-4.0,22.0,-51.0,-24.0,6.0
17188,CA,Canada,Manitoba,2020-05-11,-27.0,-7.0,27.0,-53.0,-41.0,16.0
17189,CA,Canada,Manitoba,2020-05-12,-26.0,0.0,73.0,-49.0,-40.0,15.0
17190,CA,Canada,Manitoba,2020-05-13,-29.0,-4.0,-20.0,-57.0,-41.0,17.0
17191,CA,Canada,Manitoba,2020-05-14,-24.0,7.0,13.0,-54.0,-40.0,16.0
17192,CA,Canada,Manitoba,2020-05-15,-23.0,6.0,81.0,-50.0,-43.0,14.0
17193,CA,Canada,Manitoba,2020-05-16,-28.0,-2.0,110.0,-44.0,-24.0,6.0
17194,CA,Canada,Manitoba,2020-05-17,-22.0,0.0,191.0,-45.0,-26.0,3.0
17195,CA,Canada,Manitoba,2020-05-18,-37.0,-26.0,197.0,-65.0,-77.0,19.0
17196,CA,Canada,Manitoba,2020-05-19,-17.0,12.0,90.0,-47.0,-40.0,13.0
17197,CA,Canada,Manitoba,2020-05-20,-10.0,15.0,89.0,-45.0,-39.0,13.0
17198,CA,Canada,Manitoba,2020-05-21,-12.0,14.0,79.0,-47.0,-39.0,14.0
17199,CA,Canada,Manitoba,2020-05-22,-18.0,6.0,78.0,-47.0,-38.0,13.0
17200,CA,Canada,Manitoba,2020-05-23,-22.0,1.0,86.0,-38.0,-16.0,6.0
17201,CA,Canada,Manitoba,2020-05-24,-24.0,-6.0,69.0,-45.0,-22.0,5.0
17202,CA,Canada,Manitoba,2020-05-25,-12.0,4.0,94.0,-45.0,-38.0,12.0
17203,CA,Canada,New Brunswick,2020-02-15,-3.0,-7.0,-13.0,11.0,-3.0,1.0
17204,CA,Canada,New Brunswick,2020-02-16,29.0,22.0,121.0,15.0,5.0,-4.0
17205,CA,Canada,New Brunswick,2020-02-17,-35.0,-50.0,83.0,-24.0,-64.0,14.0
17206,CA,Canada,New Brunswick,2020-02-18,2.0,12.0,-12.0,-1.0,1.0,0.0
17207,CA,Canada,New Brunswick,2020-02-19,-4.0,-5.0,-8.0,6.0,-1.0,1.0
17208,CA,Canada,New Brunswick,2020-02-20,4.0,1.0,-12.0,2.0,0.0,1.0
17209,CA,Canada,New Brunswick,2020-02-21,1.0,-4.0,-17.0,2.0,0.0,1.0
17210,CA,Canada,New Brunswick,2020-02-22,3.0,0.0,14.0,12.0,0.0,0.0
17211,CA,Canada,New Brunswick,2020-02-23,28.0,13.0,139.0,22.0,9.0,-4.0
17212,CA,Canada,New Brunswick,2020-02-24,3.0,-2.0,9.0,3.0,2.0,0.0
17213,CA,Canada,New Brunswick,2020-02-25,3.0,2.0,4.0,7.0,2.0,0.0
17214,CA,Canada,New Brunswick,2020-02-26,8.0,10.0,11.0,12.0,1.0,-1.0
17215,CA,Canada,New Brunswick,2020-02-27,-24.0,-10.0,-38.0,-20.0,-16.0,11.0
17216,CA,Canada,New Brunswick,2020-02-28,-3.0,-5.0,-17.0,8.0,-5.0,3.0
17217,CA,Canada,New Brunswick,2020-02-29,0.0,-1.0,6.0,22.0,1.0,-1.0
17218,CA,Canada,New Brunswick,2020-03-01,14.0,9.0,55.0,17.0,6.0,-2.0
17219,CA,Canada,New Brunswick,2020-03-02,6.0,-2.0,15.0,1.0,-17.0,2.0
17220,CA,Canada,New Brunswick,2020-03-03,7.0,-1.0,12.0,0.0,-16.0,2.0
17221,CA,Canada,New Brunswick,2020-03-04,1.0,-6.0,-20.0,-2.0,-18.0,4.0
17222,CA,Canada,New Brunswick,2020-03-05,8.0,0.0,4.0,-1.0,-17.0,3.0
17223,CA,Canada,New Brunswick,2020-03-06,3.0,-4.0,6.0,1.0,-17.0,3.0
17224,CA,Canada,New Brunswick,2020-03-07,0.0,-7.0,-19.0,8.0,-2.0,0.0
17225,CA,Canada,New Brunswick,2020-03-08,25.0,14.0,92.0,17.0,6.0,-3.0
17226,CA,Canada,New Brunswick,2020-03-09,2.0,0.0,-8.0,0.0,1.0,1.0
17227,CA,Canada,New Brunswick,2020-03-10,-12.0,-9.0,-14.0,-9.0,-10.0,6.0
17228,CA,Canada,New Brunswick,2020-03-11,4.0,3.0,-2.0,0.0,0.0,1.0
17229,CA,Canada,New Brunswick,2020-03-12,11.0,20.0,16.0,1.0,0.0,0.0
17230,CA,Canada,New Brunswick,2020-03-13,-8.0,28.0,-31.0,-12.0,-5.0,6.0
17231,CA,Canada,New Brunswick,2020-03-14,-14.0,12.0,-21.0,-5.0,-3.0,4.0
17232,CA,Canada,New Brunswick,2020-03-15,2.0,18.0,92.0,0.0,1.0,1.0
17233,CA,Canada,New Brunswick,2020-03-16,-6.0,17.0,-2.0,-18.0,-21.0,8.0
17234,CA,Canada,New Brunswick,2020-03-17,-27.0,6.0,-14.0,-26.0,-34.0,12.0
17235,CA,Canada,New Brunswick,2020-03-18,-32.0,-1.0,13.0,-30.0,-40.0,14.0
17236,CA,Canada,New Brunswick,2020-03-19,-31.0,5.0,13.0,-34.0,-43.0,16.0
17237,CA,Canada,New Brunswick,2020-03-20,-48.0,-14.0,-36.0,-44.0,-48.0,21.0
17238,CA,Canada,New Brunswick,2020-03-21,-55.0,-27.0,0.0,-38.0,-36.0,13.0
17239,CA,Canada,New Brunswick,2020-03-22,-47.0,-22.0,48.0,-39.0,-31.0,7.0
17240,CA,Canada,New Brunswick,2020-03-23,-47.0,-26.0,-4.0,-52.0,-51.0,18.0
17241,CA,Canada,New Brunswick,2020-03-24,-54.0,-29.0,-35.0,-54.0,-55.0,21.0
17242,CA,Canada,New Brunswick,2020-03-25,-48.0,-21.0,10.0,-50.0,-54.0,19.0
17243,CA,Canada,New Brunswick,2020-03-26,-49.0,-20.0,-12.0,-54.0,-55.0,21.0
17244,CA,Canada,New Brunswick,2020-03-27,-52.0,-22.0,-38.0,-60.0,-55.0,24.0
17245,CA,Canada,New Brunswick,2020-03-28,-54.0,-30.0,21.0,-41.0,-40.0,13.0
17246,CA,Canada,New Brunswick,2020-03-29,-42.0,-20.0,101.0,-47.0,-35.0,8.0
17247,CA,Canada,New Brunswick,2020-03-30,-49.0,-31.0,-24.0,-58.0,-55.0,20.0
17248,CA,Canada,New Brunswick,2020-03-31,-50.0,-27.0,-23.0,-60.0,-56.0,20.0
17249,CA,Canada,New Brunswick,2020-04-01,-52.0,-29.0,-42.0,-61.0,-57.0,22.0
17250,CA,Canada,New Brunswick,2020-04-02,-51.0,-28.0,-43.0,-61.0,-57.0,23.0
17251,CA,Canada,New Brunswick,2020-04-03,-50.0,-23.0,-42.0,-60.0,-56.0,25.0
17252,CA,Canada,New Brunswick,2020-04-04,-54.0,-32.0,-27.0,-55.0,-42.0,15.0
17253,CA,Canada,New Brunswick,2020-04-05,-43.0,-23.0,78.0,-53.0,-37.0,8.0
17254,CA,Canada,New Brunswick,2020-04-06,-44.0,-30.0,-3.0,-58.0,-56.0,20.0
17255,CA,Canada,New Brunswick,2020-04-07,-46.0,-24.0,-12.0,-57.0,-57.0,20.0
17256,CA,Canada,New Brunswick,2020-04-08,-42.0,-16.0,-7.0,-54.0,-57.0,20.0
17257,CA,Canada,New Brunswick,2020-04-09,-30.0,4.0,-16.0,-54.0,-57.0,20.0
17258,CA,Canada,New Brunswick,2020-04-10,-85.0,-79.0,-62.0,-81.0,-83.0,35.0
17259,CA,Canada,New Brunswick,2020-04-11,-48.0,-15.0,-40.0,-57.0,-41.0,15.0
17260,CA,Canada,New Brunswick,2020-04-12,-68.0,-64.0,70.0,-54.0,-45.0,10.0
17261,CA,Canada,New Brunswick,2020-04-13,-49.0,-36.0,-39.0,-66.0,-64.0,23.0
17262,CA,Canada,New Brunswick,2020-04-14,-40.0,-21.0,15.0,-52.0,-56.0,20.0
17263,CA,Canada,New Brunswick,2020-04-15,-38.0,-19.0,-1.0,-55.0,-56.0,20.0
17264,CA,Canada,New Brunswick,2020-04-16,-39.0,-21.0,-10.0,-54.0,-56.0,22.0
17265,CA,Canada,New Brunswick,2020-04-17,-43.0,-24.0,-24.0,-59.0,-55.0,24.0
17266,CA,Canada,New Brunswick,2020-04-18,-47.0,-30.0,-9.0,,-37.0,13.0
17267,CA,Canada,New Brunswick,2020-04-19,-34.0,-19.0,107.0,-43.0,-33.0,7.0
17268,CA,Canada,New Brunswick,2020-04-20,-34.0,-25.0,1.0,-53.0,-53.0,19.0
17269,CA,Canada,New Brunswick,2020-04-21,-34.0,-19.0,18.0,-51.0,-54.0,19.0
17270,CA,Canada,New Brunswick,2020-04-22,-42.0,-25.0,-29.0,-56.0,-55.0,21.0
17271,CA,Canada,New Brunswick,2020-04-23,-39.0,-20.0,-14.0,-52.0,-54.0,21.0
17272,CA,Canada,New Brunswick,2020-04-24,-40.0,-21.0,4.0,-51.0,-53.0,21.0
17273,CA,Canada,New Brunswick,2020-04-25,-40.0,-24.0,35.0,,-34.0,10.0
17274,CA,Canada,New Brunswick,2020-04-26,-24.0,-11.0,169.0,-39.0,-27.0,4.0
17275,CA,Canada,New Brunswick,2020-04-27,-33.0,-25.0,-17.0,-56.0,-51.0,18.0
17276,CA,Canada,New Brunswick,2020-04-28,-32.0,-16.0,-2.0,-50.0,-52.0,14.0
17277,CA,Canada,New Brunswick,2020-04-29,-29.0,-16.0,50.0,-47.0,-52.0,17.0
17278,CA,Canada,New Brunswick,2020-04-30,-28.0,-14.0,41.0,-45.0,-51.0,18.0
17279,CA,Canada,New Brunswick,2020-05-01,-36.0,-20.0,-15.0,-54.0,-51.0,20.0
17280,CA,Canada,New Brunswick,2020-05-02,-39.0,-24.0,8.0,,-33.0,11.0
17281,CA,Canada,New Brunswick,2020-05-03,-19.0,-9.0,223.0,-29.0,-25.0,3.0
17282,CA,Canada,New Brunswick,2020-05-04,-30.0,-22.0,-6.0,-53.0,-49.0,17.0
17283,CA,Canada,New Brunswick,2020-05-05,-33.0,-19.0,-12.0,-55.0,-50.0,18.0
17284,CA,Canada,New Brunswick,2020-05-06,-25.0,-10.0,76.0,-38.0,-48.0,15.0
17285,CA,Canada,New Brunswick,2020-05-07,-28.0,-12.0,31.0,-43.0,-49.0,17.0
17286,CA,Canada,New Brunswick,2020-05-08,-31.0,-11.0,18.0,-46.0,-47.0,18.0
17287,CA,Canada,New Brunswick,2020-05-09,-43.0,-18.0,-45.0,-56.0,-31.0,13.0
17288,CA,Canada,New Brunswick,2020-05-10,-14.0,7.0,72.0,-32.0,-17.0,4.0
17289,CA,Canada,New Brunswick,2020-05-11,-21.0,-15.0,90.0,-39.0,-44.0,14.0
17290,CA,Canada,New Brunswick,2020-05-12,-28.0,-15.0,-2.0,-48.0,-46.0,17.0
17291,CA,Canada,New Brunswick,2020-05-13,-19.0,-7.0,59.0,-33.0,-45.0,15.0
17292,CA,Canada,New Brunswick,2020-05-14,-17.0,-6.0,88.0,-32.0,-45.0,13.0
17293,CA,Canada,New Brunswick,2020-05-15,-24.0,-9.0,89.0,-36.0,-46.0,15.0
17294,CA,Canada,New Brunswick,2020-05-16,-30.0,-16.0,67.0,-36.0,-23.0,7.0
17295,CA,Canada,New Brunswick,2020-05-17,-2.0,12.0,,-18.0,-13.0,-1.0
17296,CA,Canada,New Brunswick,2020-05-18,-50.0,-46.0,193.0,-56.0,-72.0,17.0
17297,CA,Canada,New Brunswick,2020-05-19,-8.0,4.0,94.0,-26.0,-40.0,12.0
17298,CA,Canada,New Brunswick,2020-05-20,-5.0,7.0,133.0,-25.0,-40.0,11.0
17299,CA,Canada,New Brunswick,2020-05-21,-7.0,2.0,160.0,-25.0,-41.0,12.0
17300,CA,Canada,New Brunswick,2020-05-22,-16.0,-4.0,138.0,-24.0,-38.0,12.0
17301,CA,Canada,New Brunswick,2020-05-23,-20.0,-9.0,117.0,-20.0,-13.0,4.0
17302,CA,Canada,New Brunswick,2020-05-24,2.0,14.0,,-10.0,-7.0,-2.0
17303,CA,Canada,New Brunswick,2020-05-25,-1.0,-3.0,132.0,-28.0,-38.0,10.0
17304,CA,Canada,Newfoundland and Labrador,2020-02-15,-1.0,-2.0,-16.0,-1.0,-1.0,1.0
17305,CA,Canada,Newfoundland and Labrador,2020-02-16,15.0,0.0,26.0,13.0,14.0,-3.0
17306,CA,Canada,Newfoundland and Labrador,2020-02-17,5.0,3.0,35.0,6.0,-10.0,0.0
17307,CA,Canada,Newfoundland and Labrador,2020-02-18,-2.0,-3.0,-1.0,-3.0,-3.0,1.0
17308,CA,Canada,Newfoundland and Labrador,2020-02-19,-22.0,-21.0,-29.0,-19.0,-10.0,5.0
17309,CA,Canada,Newfoundland and Labrador,2020-02-20,2.0,-2.0,-16.0,3.0,-4.0,1.0
17310,CA,Canada,Newfoundland and Labrador,2020-02-21,0.0,-2.0,-2.0,4.0,31.0,2.0
17311,CA,Canada,Newfoundland and Labrador,2020-02-22,2.0,2.0,9.0,2.0,5.0,0.0
17312,CA,Canada,Newfoundland and Labrador,2020-02-23,24.0,4.0,55.0,18.0,20.0,-4.0
17313,CA,Canada,Newfoundland and Labrador,2020-02-24,4.0,5.0,77.0,13.0,4.0,-2.0
17314,CA,Canada,Newfoundland and Labrador,2020-02-25,0.0,4.0,23.0,9.0,2.0,0.0
17315,CA,Canada,Newfoundland and Labrador,2020-02-26,4.0,0.0,17.0,8.0,1.0,0.0
17316,CA,Canada,Newfoundland and Labrador,2020-02-27,6.0,6.0,0.0,0.0,2.0,-1.0
17317,CA,Canada,Newfoundland and Labrador,2020-02-28,-16.0,-13.0,-18.0,-12.0,19.0,8.0
17318,CA,Canada,Newfoundland and Labrador,2020-02-29,7.0,10.0,18.0,16.0,7.0,0.0
17319,CA,Canada,Newfoundland and Labrador,2020-03-01,16.0,9.0,27.0,18.0,17.0,-2.0
17320,CA,Canada,Newfoundland and Labrador,2020-03-02,-17.0,-12.0,0.0,-10.0,-25.0,7.0
17321,CA,Canada,Newfoundland and Labrador,2020-03-03,-1.0,1.0,-11.0,5.0,1.0,1.0
17322,CA,Canada,Newfoundland and Labrador,2020-03-04,-1.0,-6.0,-4.0,-3.0,0.0,1.0
17323,CA,Canada,Newfoundland and Labrador,2020-03-05,2.0,1.0,-18.0,0.0,-1.0,1.0
17324,CA,Canada,Newfoundland and Labrador,2020-03-06,8.0,7.0,8.0,8.0,36.0,0.0
17325,CA,Canada,Newfoundland and Labrador,2020-03-07,-4.0,10.0,-20.0,-12.0,2.0,4.0
17326,CA,Canada,Newfoundland and Labrador,2020-03-08,-16.0,-25.0,-16.0,15.0,6.0,2.0
17327,CA,Canada,Newfoundland and Labrador,2020-03-09,8.0,7.0,35.0,21.0,4.0,-1.0
17328,CA,Canada,Newfoundland and Labrador,2020-03-10,2.0,0.0,0.0,7.0,2.0,0.0
17329,CA,Canada,Newfoundland and Labrador,2020-03-11,-1.0,-5.0,-5.0,1.0,0.0,2.0
17330,CA,Canada,Newfoundland and Labrador,2020-03-12,8.0,14.0,-2.0,4.0,0.0,0.0
17331,CA,Canada,Newfoundland and Labrador,2020-03-13,8.0,29.0,23.0,4.0,29.0,1.0
17332,CA,Canada,Newfoundland and Labrador,2020-03-14,-8.0,15.0,-26.0,-11.0,-2.0,4.0
17333,CA,Canada,Newfoundland and Labrador,2020-03-15,13.0,25.0,18.0,11.0,11.0,-1.0
17334,CA,Canada,Newfoundland and Labrador,2020-03-16,8.0,46.0,62.0,-9.0,-20.0,3.0
17335,CA,Canada,Newfoundland and Labrador,2020-03-17,-11.0,23.0,25.0,-15.0,-23.0,7.0
17336,CA,Canada,Newfoundland and Labrador,2020-03-18,-23.0,13.0,-6.0,-25.0,-33.0,11.0
17337,CA,Canada,Newfoundland and Labrador,2020-03-19,-19.0,14.0,36.0,-24.0,-37.0,10.0
17338,CA,Canada,Newfoundland and Labrador,2020-03-20,-33.0,-1.0,0.0,-32.0,-17.0,14.0
17339,CA,Canada,Newfoundland and Labrador,2020-03-21,-46.0,-17.0,-27.0,-37.0,-26.0,12.0
17340,CA,Canada,Newfoundland and Labrador,2020-03-22,-38.0,-17.0,18.0,-19.0,-18.0,5.0
17341,CA,Canada,Newfoundland and Labrador,2020-03-23,-39.0,-10.0,55.0,-39.0,-46.0,12.0
17342,CA,Canada,Newfoundland and Labrador,2020-03-24,-51.0,-22.0,-14.0,-50.0,-54.0,17.0
17343,CA,Canada,Newfoundland and Labrador,2020-03-25,-66.0,-48.0,-38.0,-67.0,-62.0,21.0
17344,CA,Canada,Newfoundland and Labrador,2020-03-26,-51.0,-26.0,6.0,-56.0,-58.0,18.0
17345,CA,Canada,Newfoundland and Labrador,2020-03-27,-61.0,-38.0,-53.0,-70.0,-45.0,24.0
17346,CA,Canada,Newfoundland and Labrador,2020-03-28,-55.0,-26.0,-26.0,-49.0,-42.0,14.0
17347,CA,Canada,Newfoundland and Labrador,2020-03-29,-54.0,-38.0,-18.0,-60.0,-35.0,9.0
17348,CA,Canada,Newfoundland and Labrador,2020-03-30,-58.0,-33.0,-18.0,-63.0,-59.0,17.0
17349,CA,Canada,Newfoundland and Labrador,2020-03-31,-54.0,-33.0,-16.0,-58.0,-61.0,20.0
17350,CA,Canada,Newfoundland and Labrador,2020-04-01,-51.0,-30.0,-13.0,-62.0,-60.0,19.0
17351,CA,Canada,Newfoundland and Labrador,2020-04-02,-52.0,-29.0,-25.0,-67.0,-60.0,20.0
17352,CA,Canada,Newfoundland and Labrador,2020-04-03,-51.0,-24.0,-30.0,-61.0,-45.0,22.0
17353,CA,Canada,Newfoundland and Labrador,2020-04-04,-55.0,-27.0,-30.0,-62.0,-44.0,14.0
17354,CA,Canada,Newfoundland and Labrador,2020-04-05,-43.0,-25.0,23.0,-58.0,-33.0,8.0
17355,CA,Canada,Newfoundland and Labrador,2020-04-06,-47.0,-22.0,11.0,-60.0,-57.0,16.0
17356,CA,Canada,Newfoundland and Labrador,2020-04-07,-49.0,-24.0,-13.0,-60.0,-60.0,19.0
17357,CA,Canada,Newfoundland and Labrador,2020-04-08,-43.0,-17.0,5.0,-63.0,-59.0,18.0
17358,CA,Canada,Newfoundland and Labrador,2020-04-09,-32.0,0.0,4.0,-60.0,-60.0,17.0
17359,CA,Canada,Newfoundland and Labrador,2020-04-10,-81.0,-75.0,-45.0,-83.0,-74.0,30.0
17360,CA,Canada,Newfoundland and Labrador,2020-04-11,-45.0,-7.0,-28.0,-63.0,-43.0,14.0
17361,CA,Canada,Newfoundland and Labrador,2020-04-12,-71.0,-63.0,32.0,-56.0,-42.0,9.0
17362,CA,Canada,Newfoundland and Labrador,2020-04-13,-40.0,-20.0,83.0,-59.0,-59.0,15.0
17363,CA,Canada,Newfoundland and Labrador,2020-04-14,-49.0,-31.0,-36.0,-65.0,-60.0,20.0
17364,CA,Canada,Newfoundland and Labrador,2020-04-15,-39.0,-20.0,15.0,-56.0,-59.0,18.0
17365,CA,Canada,Newfoundland and Labrador,2020-04-16,-40.0,-23.0,-16.0,-62.0,-59.0,19.0
17366,CA,Canada,Newfoundland and Labrador,2020-04-17,-43.0,-24.0,2.0,-61.0,-44.0,21.0
17367,CA,Canada,Newfoundland and Labrador,2020-04-18,-45.0,-20.0,-7.0,-54.0,-40.0,13.0
17368,CA,Canada,Newfoundland and Labrador,2020-04-19,-59.0,-45.0,-55.0,-76.0,-36.0,11.0
17369,CA,Canada,Newfoundland and Labrador,2020-04-20,-38.0,-17.0,13.0,-59.0,-57.0,16.0
17370,CA,Canada,Newfoundland and Labrador,2020-04-21,-43.0,-26.0,-19.0,-60.0,-58.0,19.0
17371,CA,Canada,Newfoundland and Labrador,2020-04-22,-37.0,-19.0,39.0,-52.0,-57.0,17.0
17372,CA,Canada,Newfoundland and Labrador,2020-04-23,-40.0,-23.0,-11.0,-59.0,-57.0,19.0
17373,CA,Canada,Newfoundland and Labrador,2020-04-24,-42.0,-22.0,4.0,-54.0,-42.0,20.0
17374,CA,Canada,Newfoundland and Labrador,2020-04-25,-47.0,-21.0,-17.0,-61.0,-40.0,13.0
17375,CA,Canada,Newfoundland and Labrador,2020-04-26,-19.0,-9.0,109.0,-47.0,-27.0,5.0
17376,CA,Canada,Newfoundland and Labrador,2020-04-27,-33.0,-18.0,,-56.0,-53.0,14.0
17377,CA,Canada,Newfoundland and Labrador,2020-04-28,-36.0,-20.0,-3.0,-57.0,-57.0,13.0
17378,CA,Canada,Newfoundland and Labrador,2020-04-29,-36.0,-20.0,10.0,-60.0,-56.0,17.0
17379,CA,Canada,Newfoundland and Labrador,2020-04-30,-32.0,-17.0,35.0,-62.0,-55.0,16.0
17380,CA,Canada,Newfoundland and Labrador,2020-05-01,-33.0,-12.0,83.0,-57.0,-37.0,16.0
17381,CA,Canada,Newfoundland and Labrador,2020-05-02,-40.0,-15.0,1.0,-65.0,-35.0,11.0
17382,CA,Canada,Newfoundland and Labrador,2020-05-03,-31.0,-14.0,-12.0,-65.0,-20.0,6.0
17383,CA,Canada,Newfoundland and Labrador,2020-05-04,-28.0,-10.0,73.0,-58.0,-51.0,12.0
17384,CA,Canada,Newfoundland and Labrador,2020-05-05,-46.0,-28.0,-44.0,-72.0,-55.0,19.0
17385,CA,Canada,Newfoundland and Labrador,2020-05-06,-31.0,-11.0,37.0,-62.0,-53.0,16.0
17386,CA,Canada,Newfoundland and Labrador,2020-05-07,-30.0,-10.0,46.0,-59.0,-52.0,15.0
17387,CA,Canada,Newfoundland and Labrador,2020-05-08,-34.0,-7.0,11.0,-61.0,-35.0,18.0
17388,CA,Canada,Newfoundland and Labrador,2020-05-09,-30.0,6.0,36.0,-59.0,-29.0,9.0
17389,CA,Canada,Newfoundland and Labrador,2020-05-10,-15.0,0.0,12.0,-60.0,-12.0,4.0
17390,CA,Canada,Newfoundland and Labrador,2020-05-11,-27.0,-8.0,107.0,-53.0,-47.0,11.0
17391,CA,Canada,Newfoundland and Labrador,2020-05-12,-35.0,-19.0,4.0,-59.0,-51.0,16.0
17392,CA,Canada,Newfoundland and Labrador,2020-05-13,-28.0,-11.0,42.0,-57.0,-50.0,15.0
17393,CA,Canada,Newfoundland and Labrador,2020-05-14,-29.0,-13.0,23.0,-59.0,-50.0,13.0
17394,CA,Canada,Newfoundland and Labrador,2020-05-15,-30.0,-7.0,61.0,-56.0,-32.0,15.0
17395,CA,Canada,Newfoundland and Labrador,2020-05-16,-35.0,-8.0,73.0,-57.0,-27.0,7.0
17396,CA,Canada,Newfoundland and Labrador,2020-05-17,-13.0,3.0,156.0,-53.0,-12.0,1.0
17397,CA,Canada,Newfoundland and Labrador,2020-05-18,-56.0,-49.0,,-65.0,-72.0,14.0
17398,CA,Canada,Newfoundland and Labrador,2020-05-19,-24.0,-6.0,30.0,-60.0,-48.0,14.0
17399,CA,Canada,Newfoundland and Labrador,2020-05-20,-15.0,3.0,121.0,-56.0,-48.0,12.0
17400,CA,Canada,Newfoundland and Labrador,2020-05-21,-18.0,-6.0,120.0,-59.0,-47.0,12.0
17401,CA,Canada,Newfoundland and Labrador,2020-05-22,-28.0,-7.0,62.0,-57.0,-26.0,15.0
17402,CA,Canada,Newfoundland and Labrador,2020-05-23,-31.0,-6.0,34.0,-62.0,-20.0,8.0
17403,CA,Canada,Newfoundland and Labrador,2020-05-24,-4.0,8.0,212.0,-47.0,-6.0,0.0
17404,CA,Canada,Newfoundland and Labrador,2020-05-25,-13.0,2.0,,-51.0,-44.0,8.0
17405,CA,Canada,Northwest Territories,2020-02-15,1.0,-4.0,,,-2.0,
17406,CA,Canada,Northwest Territories,2020-02-16,8.0,15.0,,,,
17407,CA,Canada,Northwest Territories,2020-02-17,6.0,0.0,,,2.0,
17408,CA,Canada,Northwest Territories,2020-02-18,11.0,7.0,,,2.0,
17409,CA,Canada,Northwest Territories,2020-02-19,6.0,2.0,,,2.0,
17410,CA,Canada,Northwest Territories,2020-02-20,19.0,11.0,,,-2.0,
17411,CA,Canada,Northwest Territories,2020-02-21,14.0,4.0,,,-2.0,
17412,CA,Canada,Northwest Territories,2020-02-22,12.0,4.0,,,5.0,
17413,CA,Canada,Northwest Territories,2020-02-23,12.0,19.0,,,,
17414,CA,Canada,Northwest Territories,2020-02-24,9.0,-5.0,,,0.0,
17415,CA,Canada,Northwest Territories,2020-02-25,13.0,14.0,,,2.0,
17416,CA,Canada,Northwest Territories,2020-02-26,13.0,10.0,,,1.0,
17417,CA,Canada,Northwest Territories,2020-02-27,13.0,11.0,,,-2.0,
17418,CA,Canada,Northwest Territories,2020-02-28,17.0,6.0,,,-1.0,
17419,CA,Canada,Northwest Territories,2020-02-29,13.0,5.0,,,7.0,
17420,CA,Canada,Northwest Territories,2020-03-01,15.0,11.0,,,,
17421,CA,Canada,Northwest Territories,2020-03-02,9.0,6.0,,,2.0,
17422,CA,Canada,Northwest Territories,2020-03-03,12.0,14.0,,,2.0,
17423,CA,Canada,Northwest Territories,2020-03-04,14.0,12.0,,,2.0,
17424,CA,Canada,Northwest Territories,2020-03-05,15.0,8.0,,,-1.0,
17425,CA,Canada,Northwest Territories,2020-03-06,12.0,7.0,,,0.0,
17426,CA,Canada,Northwest Territories,2020-03-07,8.0,7.0,,,4.0,
17427,CA,Canada,Northwest Territories,2020-03-08,12.0,4.0,,,,
17428,CA,Canada,Northwest Territories,2020-03-09,12.0,8.0,,,-1.0,
17429,CA,Canada,Northwest Territories,2020-03-10,16.0,12.0,,,3.0,
17430,CA,Canada,Northwest Territories,2020-03-11,6.0,-2.0,,,1.0,
17431,CA,Canada,Northwest Territories,2020-03-12,9.0,3.0,,,-3.0,
17432,CA,Canada,Northwest Territories,2020-03-13,8.0,6.0,,,-7.0,
17433,CA,Canada,Northwest Territories,2020-03-14,0.0,0.0,,,-2.0,
17434,CA,Canada,Northwest Territories,2020-03-15,5.0,-2.0,,,,
17435,CA,Canada,Northwest Territories,2020-03-16,0.0,11.0,,-17.0,-11.0,
17436,CA,Canada,Northwest Territories,2020-03-17,-5.0,14.0,,,-15.0,
17437,CA,Canada,Northwest Territories,2020-03-18,-15.0,5.0,,,-19.0,
17438,CA,Canada,Northwest Territories,2020-03-19,-23.0,-3.0,,-20.0,-34.0,
17439,CA,Canada,Northwest Territories,2020-03-20,-25.0,-6.0,,,-37.0,
17440,CA,Canada,Northwest Territories,2020-03-21,-42.0,-29.0,,,-27.0,
17441,CA,Canada,Northwest Territories,2020-03-22,-44.0,-41.0,,,-25.0,
17442,CA,Canada,Northwest Territories,2020-03-23,-50.0,-32.0,,-51.0,-45.0,
17443,CA,Canada,Northwest Territories,2020-03-24,-50.0,-41.0,,-50.0,-48.0,
17444,CA,Canada,Northwest Territories,2020-03-25,-52.0,-28.0,,-53.0,-48.0,
17445,CA,Canada,Northwest Territories,2020-03-26,-51.0,-23.0,,-55.0,-48.0,
17446,CA,Canada,Northwest Territories,2020-03-27,-52.0,-26.0,,-48.0,-49.0,
17447,CA,Canada,Northwest Territories,2020-03-28,-58.0,-32.0,,-49.0,-35.0,
17448,CA,Canada,Northwest Territories,2020-03-29,-59.0,-44.0,,-59.0,-32.0,
17449,CA,Canada,Northwest Territories,2020-03-30,-52.0,-21.0,,-54.0,-49.0,
17450,CA,Canada,Northwest Territories,2020-03-31,-47.0,-18.0,,-48.0,-48.0,
17451,CA,Canada,Northwest Territories,2020-04-01,-51.0,-18.0,,-50.0,-48.0,
17452,CA,Canada,Northwest Territories,2020-04-02,-52.0,-40.0,,-60.0,-52.0,
17453,CA,Canada,Northwest Territories,2020-04-03,-49.0,-19.0,,-57.0,-48.0,
17454,CA,Canada,Northwest Territories,2020-04-04,-53.0,-26.0,,-54.0,-35.0,
17455,CA,Canada,Northwest Territories,2020-04-05,-53.0,-41.0,,-62.0,-34.0,
17456,CA,Canada,Northwest Territories,2020-04-06,,,,-56.0,-48.0,
17457,CA,Canada,Northwest Territories,2020-04-07,,,,-50.0,-46.0,
17458,CA,Canada,Northwest Territories,2020-04-08,,,,-47.0,-46.0,
17459,CA,Canada,Northwest Territories,2020-04-09,,,,-52.0,-48.0,
17460,CA,Canada,Northwest Territories,2020-04-10,,,,-60.0,-73.0,
17461,CA,Canada,Northwest Territories,2020-04-11,,,,-49.0,-38.0,
17462,CA,Canada,Northwest Territories,2020-04-12,,,,-62.0,-41.0,
17463,CA,Canada,Northwest Territories,2020-04-13,,,,-63.0,-64.0,
17464,CA,Canada,Northwest Territories,2020-04-14,,,,-57.0,-44.0,
17465,CA,Canada,Northwest Territories,2020-04-15,,,,-55.0,-45.0,
17466,CA,Canada,Northwest Territories,2020-04-16,,,,-55.0,-47.0,
17467,CA,Canada,Northwest Territories,2020-04-17,,,,-52.0,-45.0,
17468,CA,Canada,Northwest Territories,2020-04-18,,,,-54.0,-33.0,
17469,CA,Canada,Northwest Territories,2020-04-19,,,,-62.0,-27.0,
17470,CA,Canada,Northwest Territories,2020-04-20,,,,-56.0,-43.0,
17471,CA,Canada,Northwest Territories,2020-04-21,,,,-62.0,-43.0,
17472,CA,Canada,Northwest Territories,2020-04-22,,,,-51.0,-43.0,
17473,CA,Canada,Northwest Territories,2020-04-23,,,,-56.0,-44.0,
17474,CA,Canada,Northwest Territories,2020-04-24,,,,-53.0,-44.0,
17475,CA,Canada,Northwest Territories,2020-04-25,,,,-60.0,-36.0,
17476,CA,Canada,Northwest Territories,2020-04-26,,,,-66.0,-30.0,
17477,CA,Canada,Northwest Territories,2020-04-27,,,,-53.0,-44.0,
17478,CA,Canada,Northwest Territories,2020-04-28,,,,-48.0,-42.0,
17479,CA,Canada,Northwest Territories,2020-04-29,,,,-39.0,-43.0,
17480,CA,Canada,Northwest Territories,2020-04-30,,,,-39.0,-46.0,
17481,CA,Canada,Northwest Territories,2020-05-01,,,,-28.0,-40.0,
17482,CA,Canada,Northwest Territories,2020-05-02,,,,,-32.0,
17483,CA,Canada,Northwest Territories,2020-05-03,,,,,-30.0,
17484,CA,Canada,Northwest Territories,2020-05-04,,,,-35.0,-39.0,
17485,CA,Canada,Northwest Territories,2020-05-05,,,,-22.0,-40.0,
17486,CA,Canada,Northwest Territories,2020-05-06,,,,,-40.0,
17487,CA,Canada,Northwest Territories,2020-05-07,,,,-37.0,-41.0,
17488,CA,Canada,Northwest Territories,2020-05-08,,,,-31.0,-39.0,
17489,CA,Canada,Northwest Territories,2020-05-09,,,,,-29.0,
17490,CA,Canada,Northwest Territories,2020-05-10,,,,,-22.0,
17491,CA,Canada,Northwest Territories,2020-05-11,,,,-37.0,-40.0,
17492,CA,Canada,Northwest Territories,2020-05-12,,,,-32.0,-39.0,
17493,CA,Canada,Northwest Territories,2020-05-13,,,,-31.0,-40.0,
17494,CA,Canada,Northwest Territories,2020-05-14,,,,-34.0,-42.0,
17495,CA,Canada,Northwest Territories,2020-05-15,-43.0,-10.0,,-35.0,-41.0,
17496,CA,Canada,Northwest Territories,2020-05-16,-42.0,-10.0,,,-29.0,
17497,CA,Canada,Northwest Territories,2020-05-17,,,,,-25.0,
17498,CA,Canada,Northwest Territories,2020-05-18,-62.0,,,-43.0,-72.0,
17499,CA,Canada,Northwest Territories,2020-05-19,,,,-35.0,-38.0,
17500,CA,Canada,Northwest Territories,2020-05-20,-32.0,,,-39.0,-37.0,
17501,CA,Canada,Northwest Territories,2020-05-21,,,,-45.0,-39.0,
17502,CA,Canada,Northwest Territories,2020-05-22,-37.0,,,-46.0,-38.0,
17503,CA,Canada,Northwest Territories,2020-05-23,-37.0,,,-46.0,-24.0,
17504,CA,Canada,Northwest Territories,2020-05-24,,,,-58.0,-17.0,
17505,CA,Canada,Northwest Territories,2020-05-25,,,,-52.0,-36.0,
17506,CA,Canada,Nova Scotia,2020-02-15,-1.0,-6.0,-10.0,4.0,-1.0,0.0
17507,CA,Canada,Nova Scotia,2020-02-16,57.0,51.0,84.0,27.0,14.0,-6.0
17508,CA,Canada,Nova Scotia,2020-02-17,-35.0,-50.0,105.0,-34.0,-67.0,15.0
17509,CA,Canada,Nova Scotia,2020-02-18,6.0,17.0,-2.0,0.0,-2.0,0.0
17510,CA,Canada,Nova Scotia,2020-02-19,-1.0,-5.0,-4.0,-1.0,-5.0,2.0
17511,CA,Canada,Nova Scotia,2020-02-20,9.0,3.0,4.0,-3.0,0.0,-1.0
17512,CA,Canada,Nova Scotia,2020-02-21,0.0,-2.0,-16.0,0.0,2.0,1.0
17513,CA,Canada,Nova Scotia,2020-02-22,0.0,-3.0,2.0,4.0,1.0,0.0
17514,CA,Canada,Nova Scotia,2020-02-23,53.0,39.0,202.0,35.0,20.0,-7.0
17515,CA,Canada,Nova Scotia,2020-02-24,1.0,2.0,26.0,3.0,2.0,1.0
17516,CA,Canada,Nova Scotia,2020-02-25,-1.0,2.0,6.0,4.0,2.0,0.0
17517,CA,Canada,Nova Scotia,2020-02-26,7.0,4.0,18.0,9.0,2.0,-1.0
17518,CA,Canada,Nova Scotia,2020-02-27,-6.0,-7.0,-18.0,-8.0,1.0,2.0
17519,CA,Canada,Nova Scotia,2020-02-28,1.0,2.0,-18.0,6.0,5.0,1.0
17520,CA,Canada,Nova Scotia,2020-02-29,2.0,-1.0,2.0,13.0,4.0,0.0
17521,CA,Canada,Nova Scotia,2020-03-01,38.0,32.0,71.0,28.0,17.0,-4.0
17522,CA,Canada,Nova Scotia,2020-03-02,5.0,4.0,16.0,4.0,3.0,1.0
17523,CA,Canada,Nova Scotia,2020-03-03,3.0,5.0,5.0,2.0,3.0,1.0
17524,CA,Canada,Nova Scotia,2020-03-04,2.0,-3.0,-8.0,2.0,1.0,1.0
17525,CA,Canada,Nova Scotia,2020-03-05,8.0,5.0,15.0,0.0,5.0,0.0
17526,CA,Canada,Nova Scotia,2020-03-06,7.0,9.0,16.0,6.0,7.0,0.0
17527,CA,Canada,Nova Scotia,2020-03-07,-13.0,-13.0,-22.0,-8.0,-2.0,4.0
17528,CA,Canada,Nova Scotia,2020-03-08,54.0,41.0,141.0,32.0,19.0,-6.0
17529,CA,Canada,Nova Scotia,2020-03-09,2.0,3.0,9.0,3.0,2.0,1.0
17530,CA,Canada,Nova Scotia,2020-03-10,-1.0,1.0,-9.0,0.0,1.0,2.0
17531,CA,Canada,Nova Scotia,2020-03-11,2.0,1.0,4.0,3.0,1.0,1.0
17532,CA,Canada,Nova Scotia,2020-03-12,13.0,20.0,41.0,2.0,3.0,-1.0
17533,CA,Canada,Nova Scotia,2020-03-13,1.0,27.0,-14.0,-7.0,1.0,3.0
17534,CA,Canada,Nova Scotia,2020-03-14,-6.0,17.0,21.0,-2.0,-1.0,2.0
17535,CA,Canada,Nova Scotia,2020-03-15,38.0,64.0,182.0,13.0,13.0,-4.0
17536,CA,Canada,Nova Scotia,2020-03-16,-5.0,34.0,20.0,-27.0,-29.0,9.0
17537,CA,Canada,Nova Scotia,2020-03-17,-22.0,15.0,21.0,-33.0,-37.0,12.0
17538,CA,Canada,Nova Scotia,2020-03-18,-30.0,0.0,71.0,-36.0,-42.0,14.0
17539,CA,Canada,Nova Scotia,2020-03-19,-30.0,4.0,86.0,-42.0,-44.0,14.0
17540,CA,Canada,Nova Scotia,2020-03-20,-43.0,-8.0,-22.0,-49.0,-47.0,19.0
17541,CA,Canada,Nova Scotia,2020-03-21,-49.0,-21.0,88.0,-38.0,-34.0,11.0
17542,CA,Canada,Nova Scotia,2020-03-22,-34.0,4.0,83.0,-38.0,-25.0,4.0
17543,CA,Canada,Nova Scotia,2020-03-23,-50.0,-21.0,-16.0,-58.0,-55.0,19.0
17544,CA,Canada,Nova Scotia,2020-03-24,-65.0,-39.0,-54.0,-66.0,-61.0,24.0
17545,CA,Canada,Nova Scotia,2020-03-25,-51.0,-21.0,-7.0,-57.0,-58.0,20.0
17546,CA,Canada,Nova Scotia,2020-03-26,-58.0,-30.0,-47.0,-69.0,-59.0,22.0
17547,CA,Canada,Nova Scotia,2020-03-27,-55.0,-24.0,-42.0,-65.0,-57.0,24.0
17548,CA,Canada,Nova Scotia,2020-03-28,-56.0,-29.0,-4.0,-52.0,-42.0,14.0
17549,CA,Canada,Nova Scotia,2020-03-29,-33.0,-7.0,95.0,-45.0,-32.0,5.0
17550,CA,Canada,Nova Scotia,2020-03-30,-52.0,-26.0,-31.0,-64.0,-59.0,21.0
17551,CA,Canada,Nova Scotia,2020-03-31,-53.0,-25.0,-40.0,-66.0,-60.0,22.0
17552,CA,Canada,Nova Scotia,2020-04-01,-55.0,-30.0,-38.0,-66.0,-60.0,22.0
17553,CA,Canada,Nova Scotia,2020-04-02,-56.0,-32.0,-51.0,-74.0,-60.0,22.0
17554,CA,Canada,Nova Scotia,2020-04-03,-53.0,-27.0,-52.0,-69.0,-58.0,24.0
17555,CA,Canada,Nova Scotia,2020-04-04,-59.0,-36.0,-44.0,-61.0,-44.0,16.0
17556,CA,Canada,Nova Scotia,2020-04-05,-38.0,-15.0,44.0,-51.0,-33.0,5.0
17557,CA,Canada,Nova Scotia,2020-04-06,-51.0,-27.0,-24.0,-66.0,-59.0,21.0
17558,CA,Canada,Nova Scotia,2020-04-07,-53.0,-25.0,-35.0,-67.0,-60.0,21.0
17559,CA,Canada,Nova Scotia,2020-04-08,-49.0,-20.0,-29.0,-66.0,-60.0,21.0
17560,CA,Canada,Nova Scotia,2020-04-09,-36.0,2.0,-19.0,-65.0,-60.0,19.0
17561,CA,Canada,Nova Scotia,2020-04-10,-84.0,-75.0,-68.0,-83.0,-83.0,33.0
17562,CA,Canada,Nova Scotia,2020-04-11,-55.0,-21.0,-55.0,-62.0,-46.0,16.0
17563,CA,Canada,Nova Scotia,2020-04-12,-71.0,-65.0,27.0,-60.0,-44.0,7.0
17564,CA,Canada,Nova Scotia,2020-04-13,-56.0,-34.0,-43.0,-75.0,-68.0,24.0
17565,CA,Canada,Nova Scotia,2020-04-14,-49.0,-26.0,-15.0,-66.0,-60.0,21.0
17566,CA,Canada,Nova Scotia,2020-04-15,-50.0,-29.0,-46.0,-68.0,-61.0,22.0
17567,CA,Canada,Nova Scotia,2020-04-16,-45.0,-23.0,-23.0,-67.0,-59.0,21.0
17568,CA,Canada,Nova Scotia,2020-04-17,-50.0,-27.0,-41.0,-68.0,-58.0,24.0
17569,CA,Canada,Nova Scotia,2020-04-18,-57.0,-35.0,-54.0,-64.0,-41.0,15.0
17570,CA,Canada,Nova Scotia,2020-04-19,-44.0,-25.0,10.0,-63.0,-33.0,6.0
17571,CA,Canada,Nova Scotia,2020-04-20,-46.0,-26.0,-19.0,-68.0,-58.0,20.0
17572,CA,Canada,Nova Scotia,2020-04-21,-45.0,-23.0,-13.0,-66.0,-59.0,20.0
17573,CA,Canada,Nova Scotia,2020-04-22,-49.0,-30.0,-42.0,-69.0,-59.0,22.0
17574,CA,Canada,Nova Scotia,2020-04-23,-46.0,-23.0,-27.0,-69.0,-58.0,20.0
17575,CA,Canada,Nova Scotia,2020-04-24,-54.0,-32.0,-43.0,-69.0,-56.0,23.0
17576,CA,Canada,Nova Scotia,2020-04-25,-51.0,-30.0,-19.0,-56.0,-39.0,13.0
17577,CA,Canada,Nova Scotia,2020-04-26,-25.0,-5.0,60.0,-49.0,-27.0,4.0
17578,CA,Canada,Nova Scotia,2020-04-27,-48.0,-29.0,-51.0,-74.0,-58.0,22.0
17579,CA,Canada,Nova Scotia,2020-04-28,-55.0,-32.0,-57.0,-74.0,-61.0,20.0
17580,CA,Canada,Nova Scotia,2020-04-29,-40.0,-18.0,-21.0,-62.0,-58.0,20.0
17581,CA,Canada,Nova Scotia,2020-04-30,-37.0,-15.0,3.0,-62.0,-56.0,18.0
17582,CA,Canada,Nova Scotia,2020-05-01,-43.0,-21.0,-26.0,-63.0,-55.0,22.0
17583,CA,Canada,Nova Scotia,2020-05-02,-50.0,-31.0,-20.0,-60.0,-39.0,14.0
17584,CA,Canada,Nova Scotia,2020-05-03,-13.0,2.0,307.0,-33.0,-23.0,2.0
17585,CA,Canada,Nova Scotia,2020-05-04,-40.0,-22.0,1.0,-68.0,-56.0,19.0
17586,CA,Canada,Nova Scotia,2020-05-05,-40.0,-20.0,3.0,-66.0,-57.0,20.0
17587,CA,Canada,Nova Scotia,2020-05-06,-35.0,-18.0,85.0,-59.0,-56.0,18.0
17588,CA,Canada,Nova Scotia,2020-05-07,-40.0,-18.0,-12.0,-71.0,-56.0,20.0
17589,CA,Canada,Nova Scotia,2020-05-08,-38.0,-13.0,46.0,-60.0,-52.0,20.0
17590,CA,Canada,Nova Scotia,2020-05-09,-45.0,-17.0,-32.0,-66.0,-36.0,14.0
17591,CA,Canada,Nova Scotia,2020-05-10,-8.0,15.0,107.0,-50.0,-19.0,3.0
17592,CA,Canada,Nova Scotia,2020-05-11,-33.0,-16.0,130.0,-56.0,-53.0,16.0
17593,CA,Canada,Nova Scotia,2020-05-12,-40.0,-19.0,10.0,-64.0,-55.0,19.0
17594,CA,Canada,Nova Scotia,2020-05-13,-36.0,-17.0,37.0,-60.0,-54.0,19.0
17595,CA,Canada,Nova Scotia,2020-05-14,-30.0,-11.0,98.0,-61.0,-53.0,15.0
17596,CA,Canada,Nova Scotia,2020-05-15,-35.0,-13.0,89.0,-59.0,-52.0,17.0
17597,CA,Canada,Nova Scotia,2020-05-16,-44.0,-23.0,26.0,-59.0,-33.0,12.0
17598,CA,Canada,Nova Scotia,2020-05-17,1.0,20.0,,-35.0,-14.0,-1.0
17599,CA,Canada,Nova Scotia,2020-05-18,-39.0,-28.0,217.0,-66.0,-72.0,19.0
17600,CA,Canada,Nova Scotia,2020-05-19,-29.0,-9.0,115.0,-57.0,-52.0,16.0
17601,CA,Canada,Nova Scotia,2020-05-20,-23.0,-6.0,133.0,-47.0,-52.0,15.0
17602,CA,Canada,Nova Scotia,2020-05-21,-21.0,-2.0,187.0,-51.0,-51.0,14.0
17603,CA,Canada,Nova Scotia,2020-05-22,-28.0,-7.0,168.0,-49.0,-47.0,15.0
17604,CA,Canada,Nova Scotia,2020-05-23,-32.0,-15.0,119.0,-41.0,-25.0,8.0
17605,CA,Canada,Nova Scotia,2020-05-24,5.0,22.0,407.0,-22.0,-8.0,-1.0
17606,CA,Canada,Nova Scotia,2020-05-25,-20.0,-5.0,153.0,-50.0,-49.0,14.0
17607,CA,Canada,Nunavut,2020-02-15,-7.0,,,,,
17608,CA,Canada,Nunavut,2020-02-17,,,,,-7.0,
17609,CA,Canada,Nunavut,2020-02-18,,,,,-4.0,
17610,CA,Canada,Nunavut,2020-02-19,-4.0,,,,-2.0,
17611,CA,Canada,Nunavut,2020-02-20,,,,,1.0,
17612,CA,Canada,Nunavut,2020-02-21,-8.0,,,,-4.0,
17613,CA,Canada,Nunavut,2020-02-22,-2.0,,,,,
17614,CA,Canada,Nunavut,2020-02-24,,,,,4.0,
17615,CA,Canada,Nunavut,2020-02-25,,,,,4.0,
17616,CA,Canada,Nunavut,2020-02-26,9.0,,,,5.0,
17617,CA,Canada,Nunavut,2020-02-27,,,,,6.0,
17618,CA,Canada,Nunavut,2020-02-28,5.0,,,,4.0,
17619,CA,Canada,Nunavut,2020-02-29,14.0,,,,,
17620,CA,Canada,Nunavut,2020-03-02,,,,,5.0,
17621,CA,Canada,Nunavut,2020-03-03,,,,,6.0,
17622,CA,Canada,Nunavut,2020-03-04,1.0,,,,5.0,
17623,CA,Canada,Nunavut,2020-03-05,,,,,8.0,
17624,CA,Canada,Nunavut,2020-03-06,-2.0,,,,10.0,
17625,CA,Canada,Nunavut,2020-03-07,-3.0,,,,,
17626,CA,Canada,Nunavut,2020-03-08,-47.0,,,,,
17627,CA,Canada,Nunavut,2020-03-09,,,,,-13.0,
17628,CA,Canada,Nunavut,2020-03-10,,,,,5.0,
17629,CA,Canada,Nunavut,2020-03-11,1.0,,,,7.0,
17630,CA,Canada,Nunavut,2020-03-12,,,,,9.0,
17631,CA,Canada,Nunavut,2020-03-13,0.0,,,,2.0,
17632,CA,Canada,Nunavut,2020-03-14,-6.0,,,,,
17633,CA,Canada,Nunavut,2020-03-16,,,,,-6.0,
17634,CA,Canada,Nunavut,2020-03-17,,,,,-10.0,
17635,CA,Canada,Nunavut,2020-03-18,-14.0,,,,-19.0,
17636,CA,Canada,Nunavut,2020-03-19,-9.0,,,,-20.0,
17637,CA,Canada,Nunavut,2020-03-20,-17.0,,,,-23.0,
17638,CA,Canada,Nunavut,2020-03-21,-36.0,,,,-19.0,
17639,CA,Canada,Nunavut,2020-03-23,-30.0,,,,-39.0,
17640,CA,Canada,Nunavut,2020-03-24,-28.0,,,,-35.0,
17641,CA,Canada,Nunavut,2020-03-25,-32.0,,,,-38.0,
17642,CA,Canada,Nunavut,2020-03-26,-18.0,,,,-38.0,
17643,CA,Canada,Nunavut,2020-03-27,-35.0,,,,-40.0,
17644,CA,Canada,Nunavut,2020-03-28,-44.0,,,,-35.0,
17645,CA,Canada,Nunavut,2020-03-29,-47.0,,,,-32.0,
17646,CA,Canada,Nunavut,2020-03-30,-28.0,,,,-40.0,
17647,CA,Canada,Nunavut,2020-03-31,-18.0,,,,-39.0,
17648,CA,Canada,Nunavut,2020-04-01,-32.0,,,,-40.0,
17649,CA,Canada,Nunavut,2020-04-02,-18.0,,,,-37.0,
17650,CA,Canada,Nunavut,2020-04-03,-25.0,,,,-33.0,
17651,CA,Canada,Nunavut,2020-04-04,-36.0,,,,-23.0,
17652,CA,Canada,Nunavut,2020-04-06,,,,,-37.0,
17653,CA,Canada,Nunavut,2020-04-07,,,,,-32.0,
17654,CA,Canada,Nunavut,2020-04-08,,,,,-33.0,
17655,CA,Canada,Nunavut,2020-04-09,,,,,-29.0,
17656,CA,Canada,Nunavut,2020-04-10,,,,,-62.0,
17657,CA,Canada,Nunavut,2020-04-11,,,,,-28.0,
17658,CA,Canada,Nunavut,2020-04-13,,,,,-60.0,
17659,CA,Canada,Nunavut,2020-04-14,,,,,-34.0,
17660,CA,Canada,Nunavut,2020-04-15,,,,,-31.0,
17661,CA,Canada,Nunavut,2020-04-16,,,,,-27.0,
17662,CA,Canada,Nunavut,2020-04-17,,,,,-32.0,
17663,CA,Canada,Nunavut,2020-04-18,,,,,-20.0,
17664,CA,Canada,Nunavut,2020-04-20,,,,,-29.0,
17665,CA,Canada,Nunavut,2020-04-21,,,,,-26.0,
17666,CA,Canada,Nunavut,2020-04-22,,,,,-24.0,
17667,CA,Canada,Nunavut,2020-04-23,,,,,-23.0,
17668,CA,Canada,Nunavut,2020-04-24,,,,,-25.0,
17669,CA,Canada,Nunavut,2020-04-25,,,,,-18.0,
17670,CA,Canada,Nunavut,2020-04-27,,,,,-27.0,
17671,CA,Canada,Nunavut,2020-04-28,,,,,-20.0,
17672,CA,Canada,Nunavut,2020-04-29,,,,,-23.0,
17673,CA,Canada,Nunavut,2020-04-30,,,,,-27.0,
17674,CA,Canada,Nunavut,2020-05-01,,,,,-25.0,
17675,CA,Canada,Nunavut,2020-05-02,,,,,-19.0,
17676,CA,Canada,Nunavut,2020-05-04,,,,,-29.0,
17677,CA,Canada,Nunavut,2020-05-05,,,,,-23.0,
17678,CA,Canada,Nunavut,2020-05-06,,,,,-23.0,
17679,CA,Canada,Nunavut,2020-05-07,,,,,-21.0,
17680,CA,Canada,Nunavut,2020-05-08,,,,,-23.0,
17681,CA,Canada,Nunavut,2020-05-09,,,,,-22.0,
17682,CA,Canada,Nunavut,2020-05-11,,,,,-28.0,
17683,CA,Canada,Nunavut,2020-05-12,,,,,-20.0,
17684,CA,Canada,Nunavut,2020-05-13,,,,,-22.0,
17685,CA,Canada,Nunavut,2020-05-14,,,,,-19.0,
17686,CA,Canada,Nunavut,2020-05-15,,,,,-24.0,
17687,CA,Canada,Nunavut,2020-05-16,,,,,-15.0,
17688,CA,Canada,Nunavut,2020-05-18,,,,,-57.0,
17689,CA,Canada,Nunavut,2020-05-19,,,,,-22.0,
17690,CA,Canada,Nunavut,2020-05-20,,,,,-25.0,
17691,CA,Canada,Nunavut,2020-05-21,,,,,-17.0,
17692,CA,Canada,Nunavut,2020-05-22,,,,,-21.0,
17693,CA,Canada,Nunavut,2020-05-23,,,,,-8.0,
17694,CA,Canada,Nunavut,2020-05-25,,,,,-22.0,
17695,CA,Canada,Ontario,2020-02-15,2.0,3.0,20.0,5.0,1.0,-1.0
17696,CA,Canada,Ontario,2020-02-16,16.0,13.0,44.0,5.0,-2.0,-2.0
17697,CA,Canada,Ontario,2020-02-17,-26.0,-37.0,70.0,-40.0,-72.0,16.0
17698,CA,Canada,Ontario,2020-02-18,-1.0,12.0,-5.0,2.0,0.0,1.0
17699,CA,Canada,Ontario,2020-02-19,0.0,4.0,-4.0,-2.0,1.0,0.0
17700,CA,Canada,Ontario,2020-02-20,4.0,4.0,3.0,0.0,2.0,0.0
17701,CA,Canada,Ontario,2020-02-21,1.0,-3.0,11.0,-1.0,-7.0,1.0
17702,CA,Canada,Ontario,2020-02-22,8.0,6.0,44.0,11.0,7.0,-2.0
17703,CA,Canada,Ontario,2020-02-23,12.0,6.0,53.0,9.0,5.0,-1.0
17704,CA,Canada,Ontario,2020-02-24,2.0,2.0,18.0,-2.0,2.0,0.0
17705,CA,Canada,Ontario,2020-02-25,1.0,7.0,2.0,1.0,3.0,0.0
17706,CA,Canada,Ontario,2020-02-26,-8.0,-5.0,-15.0,-6.0,-2.0,3.0
17707,CA,Canada,Ontario,2020-02-27,-13.0,-12.0,-17.0,-5.0,-8.0,5.0
17708,CA,Canada,Ontario,2020-02-28,-5.0,-4.0,-10.0,-1.0,-1.0,2.0
17709,CA,Canada,Ontario,2020-02-29,5.0,6.0,9.0,6.0,8.0,-1.0
17710,CA,Canada,Ontario,2020-03-01,11.0,10.0,23.0,4.0,6.0,-1.0
17711,CA,Canada,Ontario,2020-03-02,2.0,4.0,0.0,-2.0,4.0,0.0
17712,CA,Canada,Ontario,2020-03-03,1.0,3.0,-6.0,0.0,4.0,0.0
17713,CA,Canada,Ontario,2020-03-04,4.0,4.0,1.0,0.0,4.0,0.0
17714,CA,Canada,Ontario,2020-03-05,6.0,6.0,21.0,2.0,0.0,0.0
17715,CA,Canada,Ontario,2020-03-06,-3.0,-4.0,-4.0,-3.0,3.0,1.0
17716,CA,Canada,Ontario,2020-03-07,10.0,9.0,41.0,8.0,9.0,-1.0
17717,CA,Canada,Ontario,2020-03-08,13.0,10.0,86.0,6.0,5.0,-1.0
17718,CA,Canada,Ontario,2020-03-09,4.0,5.0,41.0,-3.0,3.0,1.0
17719,CA,Canada,Ontario,2020-03-10,1.0,4.0,-2.0,-4.0,3.0,1.0
17720,CA,Canada,Ontario,2020-03-11,3.0,7.0,1.0,-5.0,2.0,1.0
17721,CA,Canada,Ontario,2020-03-12,6.0,32.0,9.0,-6.0,1.0,1.0
17722,CA,Canada,Ontario,2020-03-13,-3.0,41.0,-7.0,-16.0,-4.0,3.0
17723,CA,Canada,Ontario,2020-03-14,-10.0,26.0,5.0,-17.0,0.0,3.0
17724,CA,Canada,Ontario,2020-03-15,-10.0,14.0,44.0,-22.0,-6.0,4.0
17725,CA,Canada,Ontario,2020-03-16,-12.0,27.0,10.0,-39.0,-31.0,11.0
17726,CA,Canada,Ontario,2020-03-17,-29.0,15.0,2.0,-46.0,-39.0,15.0
17727,CA,Canada,Ontario,2020-03-18,-36.0,1.0,1.0,-51.0,-44.0,17.0
17728,CA,Canada,Ontario,2020-03-19,-38.0,2.0,11.0,-54.0,-47.0,19.0
17729,CA,Canada,Ontario,2020-03-20,-45.0,-8.0,-15.0,-56.0,-49.0,21.0
17730,CA,Canada,Ontario,2020-03-21,-48.0,-12.0,16.0,-49.0,-34.0,13.0
17731,CA,Canada,Ontario,2020-03-22,-51.0,-22.0,6.0,-55.0,-38.0,12.0
17732,CA,Canada,Ontario,2020-03-23,-47.0,-13.0,-39.0,-66.0,-55.0,22.0
17733,CA,Canada,Ontario,2020-03-24,-48.0,-12.0,-6.0,-64.0,-57.0,22.0
17734,CA,Canada,Ontario,2020-03-25,-54.0,-23.0,5.0,-67.0,-61.0,25.0
17735,CA,Canada,Ontario,2020-03-26,-55.0,-22.0,-10.0,-68.0,-61.0,26.0
17736,CA,Canada,Ontario,2020-03-27,-54.0,-21.0,10.0,-67.0,-61.0,26.0
17737,CA,Canada,Ontario,2020-03-28,-60.0,-29.0,-31.0,-65.0,-46.0,16.0
17738,CA,Canada,Ontario,2020-03-29,-59.0,-33.0,-14.0,-66.0,-46.0,14.0
17739,CA,Canada,Ontario,2020-03-30,-55.0,-27.0,-34.0,-71.0,-63.0,25.0
17740,CA,Canada,Ontario,2020-03-31,-51.0,-17.0,-27.0,-69.0,-62.0,24.0
17741,CA,Canada,Ontario,2020-04-01,-51.0,-21.0,1.0,-69.0,-63.0,25.0
17742,CA,Canada,Ontario,2020-04-02,-51.0,-20.0,3.0,-69.0,-63.0,26.0
17743,CA,Canada,Ontario,2020-04-03,-55.0,-22.0,-28.0,-70.0,-62.0,27.0
17744,CA,Canada,Ontario,2020-04-04,-57.0,-27.0,-18.0,-63.0,-46.0,16.0
17745,CA,Canada,Ontario,2020-04-05,-60.0,-32.0,-11.0,-67.0,-47.0,14.0
17746,CA,Canada,Ontario,2020-04-06,-55.0,-23.0,-5.0,-70.0,-63.0,24.0
17747,CA,Canada,Ontario,2020-04-07,-55.0,-18.0,-21.0,-69.0,-63.0,25.0
17748,CA,Canada,Ontario,2020-04-08,-52.0,-14.0,-10.0,-69.0,-64.0,25.0
17749,CA,Canada,Ontario,2020-04-09,-44.0,7.0,-31.0,-68.0,-64.0,25.0
17750,CA,Canada,Ontario,2020-04-10,-82.0,-67.0,-38.0,-81.0,-86.0,36.0
17751,CA,Canada,Ontario,2020-04-11,-54.0,-9.0,-20.0,-62.0,-48.0,16.0
17752,CA,Canada,Ontario,2020-04-12,-80.0,-68.0,-20.0,-70.0,-55.0,15.0
17753,CA,Canada,Ontario,2020-04-13,-58.0,-25.0,-47.0,-75.0,-69.0,27.0
17754,CA,Canada,Ontario,2020-04-14,-52.0,-14.0,-31.0,-70.0,-63.0,25.0
17755,CA,Canada,Ontario,2020-04-15,-53.0,-20.0,-37.0,-70.0,-63.0,26.0
17756,CA,Canada,Ontario,2020-04-16,-54.0,-19.0,-32.0,-70.0,-63.0,27.0
17757,CA,Canada,Ontario,2020-04-17,-56.0,-23.0,-33.0,-69.0,-62.0,28.0
17758,CA,Canada,Ontario,2020-04-18,-58.0,-27.0,-11.0,-58.0,-43.0,15.0
17759,CA,Canada,Ontario,2020-04-19,-61.0,-36.0,-36.0,-66.0,-44.0,14.0
17760,CA,Canada,Ontario,2020-04-20,-53.0,-23.0,-5.0,-68.0,-62.0,24.0
17761,CA,Canada,Ontario,2020-04-21,-56.0,-26.0,-44.0,-70.0,-62.0,25.0
17762,CA,Canada,Ontario,2020-04-22,-54.0,-22.0,-27.0,-69.0,-62.0,25.0
17763,CA,Canada,Ontario,2020-04-23,-54.0,-21.0,-25.0,-68.0,-62.0,26.0
17764,CA,Canada,Ontario,2020-04-24,-56.0,-25.0,-19.0,-67.0,-61.0,26.0
17765,CA,Canada,Ontario,2020-04-25,-56.0,-25.0,22.0,-54.0,-41.0,14.0
17766,CA,Canada,Ontario,2020-04-26,-59.0,-32.0,-36.0,-65.0,-43.0,14.0
17767,CA,Canada,Ontario,2020-04-27,-51.0,-20.0,19.0,-65.0,-60.0,23.0
17768,CA,Canada,Ontario,2020-04-28,-51.0,-18.0,-3.0,-65.0,-61.0,18.0
17769,CA,Canada,Ontario,2020-04-29,-53.0,-23.0,-31.0,-68.0,-61.0,25.0
17770,CA,Canada,Ontario,2020-04-30,-51.0,-18.0,-24.0,-67.0,-61.0,26.0
17771,CA,Canada,Ontario,2020-05-01,-51.0,-18.0,10.0,-63.0,-59.0,25.0
17772,CA,Canada,Ontario,2020-05-02,-54.0,-23.0,1.0,-54.0,-39.0,14.0
17773,CA,Canada,Ontario,2020-05-03,-49.0,-21.0,62.0,-52.0,-36.0,11.0
17774,CA,Canada,Ontario,2020-05-04,-49.0,-18.0,-3.0,-66.0,-59.0,23.0
17775,CA,Canada,Ontario,2020-05-05,-48.0,-14.0,4.0,-64.0,-59.0,23.0
17776,CA,Canada,Ontario,2020-05-06,-47.0,-15.0,16.0,-63.0,-59.0,23.0
17777,CA,Canada,Ontario,2020-05-07,-49.0,-14.0,-1.0,-65.0,-59.0,24.0
17778,CA,Canada,Ontario,2020-05-08,-51.0,-16.0,-21.0,-65.0,-58.0,25.0
17779,CA,Canada,Ontario,2020-05-09,-50.0,-14.0,-32.0,-59.0,-36.0,14.0
17780,CA,Canada,Ontario,2020-05-10,-43.0,-16.0,-10.0,-57.0,-32.0,11.0
17781,CA,Canada,Ontario,2020-05-11,-49.0,-22.0,-16.0,-66.0,-58.0,23.0
17782,CA,Canada,Ontario,2020-05-12,-46.0,-14.0,0.0,-63.0,-56.0,22.0
17783,CA,Canada,Ontario,2020-05-13,-42.0,-12.0,35.0,-60.0,-56.0,22.0
17784,CA,Canada,Ontario,2020-05-14,-45.0,-15.0,-12.0,-64.0,-57.0,24.0
17785,CA,Canada,Ontario,2020-05-15,-46.0,-15.0,-4.0,-63.0,-57.0,24.0
17786,CA,Canada,Ontario,2020-05-16,-43.0,-14.0,92.0,-46.0,-33.0,10.0
17787,CA,Canada,Ontario,2020-05-17,-40.0,-14.0,33.0,-56.0,-32.0,10.0
17788,CA,Canada,Ontario,2020-05-18,-68.0,-56.0,-6.0,-78.0,-83.0,30.0
17789,CA,Canada,Ontario,2020-05-19,-36.0,0.0,24.0,-59.0,-54.0,20.0
17790,CA,Canada,Ontario,2020-05-20,-33.0,0.0,68.0,-56.0,-54.0,20.0
17791,CA,Canada,Ontario,2020-05-21,-33.0,-2.0,80.0,-56.0,-54.0,20.0
17792,CA,Canada,Ontario,2020-05-22,-38.0,-8.0,68.0,-56.0,-52.0,20.0
17793,CA,Canada,Ontario,2020-05-23,-37.0,-9.0,114.0,-42.0,-25.0,9.0
17794,CA,Canada,Ontario,2020-05-24,-34.0,-14.0,100.0,-46.0,-25.0,8.0
17795,CA,Canada,Ontario,2020-05-25,-33.0,-7.0,71.0,-57.0,-54.0,19.0
17796,CA,Canada,Prince Edward Island,2020-02-15,-5.0,-8.0,,,-7.0,
17797,CA,Canada,Prince Edward Island,2020-02-16,29.0,26.0,,,12.0,
17798,CA,Canada,Prince Edward Island,2020-02-17,-35.0,-60.0,,,-63.0,14.0
17799,CA,Canada,Prince Edward Island,2020-02-18,3.0,17.0,,,0.0,0.0
17800,CA,Canada,Prince Edward Island,2020-02-19,-4.0,-5.0,,,-3.0,2.0
17801,CA,Canada,Prince Edward Island,2020-02-20,7.0,-1.0,,,-2.0,1.0
17802,CA,Canada,Prince Edward Island,2020-02-21,-4.0,-5.0,,,-2.0,2.0
17803,CA,Canada,Prince Edward Island,2020-02-22,-1.0,-3.0,,,-3.0,
17804,CA,Canada,Prince Edward Island,2020-02-23,28.0,11.0,,,11.0,
17805,CA,Canada,Prince Edward Island,2020-02-24,-3.0,-5.0,,,-3.0,1.0
17806,CA,Canada,Prince Edward Island,2020-02-25,-1.0,0.0,,,-2.0,0.0
17807,CA,Canada,Prince Edward Island,2020-02-26,7.0,4.0,,,-2.0,0.0
17808,CA,Canada,Prince Edward Island,2020-02-27,-10.0,6.0,,,-5.0,5.0
17809,CA,Canada,Prince Edward Island,2020-02-28,1.0,-10.0,,,-14.0,4.0
17810,CA,Canada,Prince Edward Island,2020-02-29,5.0,0.0,,,1.0,
17811,CA,Canada,Prince Edward Island,2020-03-01,-12.0,-6.0,,,-2.0,
17812,CA,Canada,Prince Edward Island,2020-03-02,1.0,2.0,,,3.0,1.0
17813,CA,Canada,Prince Edward Island,2020-03-03,0.0,3.0,,,1.0,1.0
17814,CA,Canada,Prince Edward Island,2020-03-04,2.0,-4.0,,,0.0,1.0
17815,CA,Canada,Prince Edward Island,2020-03-05,5.0,0.0,,,-2.0,2.0
17816,CA,Canada,Prince Edward Island,2020-03-06,6.0,1.0,,,-5.0,2.0
17817,CA,Canada,Prince Edward Island,2020-03-07,-7.0,-10.0,-51.0,,-2.0,
17818,CA,Canada,Prince Edward Island,2020-03-08,26.0,15.0,,,13.0,
17819,CA,Canada,Prince Edward Island,2020-03-09,-6.0,-2.0,,,1.0,2.0
17820,CA,Canada,Prince Edward Island,2020-03-10,-9.0,-2.0,,,-1.0,2.0
17821,CA,Canada,Prince Edward Island,2020-03-11,-1.0,0.0,,,0.0,1.0
17822,CA,Canada,Prince Edward Island,2020-03-12,8.0,16.0,,,0.0,0.0
17823,CA,Canada,Prince Edward Island,2020-03-13,-5.0,35.0,,,-3.0,3.0
17824,CA,Canada,Prince Edward Island,2020-03-14,-17.0,11.0,,,-4.0,
17825,CA,Canada,Prince Edward Island,2020-03-15,-3.0,18.0,,,2.0,
17826,CA,Canada,Prince Edward Island,2020-03-16,-18.0,14.0,,,-24.0,9.0
17827,CA,Canada,Prince Edward Island,2020-03-17,-31.0,8.0,,,-35.0,12.0
17828,CA,Canada,Prince Edward Island,2020-03-18,-31.0,7.0,,,-42.0,14.0
17829,CA,Canada,Prince Edward Island,2020-03-19,-43.0,-10.0,,,-48.0,16.0
17830,CA,Canada,Prince Edward Island,2020-03-20,-57.0,-21.0,,,-51.0,22.0
17831,CA,Canada,Prince Edward Island,2020-03-21,-60.0,-29.0,,,-38.0,
17832,CA,Canada,Prince Edward Island,2020-03-22,-52.0,-22.0,,,-30.0,
17833,CA,Canada,Prince Edward Island,2020-03-23,-57.0,-25.0,,,-53.0,19.0
17834,CA,Canada,Prince Edward Island,2020-03-24,-64.0,-31.0,,,-56.0,22.0
17835,CA,Canada,Prince Edward Island,2020-03-25,-53.0,-20.0,,,-56.0,20.0
17836,CA,Canada,Prince Edward Island,2020-03-26,-57.0,-26.0,,,-56.0,22.0
17837,CA,Canada,Prince Edward Island,2020-03-27,-61.0,-27.0,,,-56.0,25.0
17838,CA,Canada,Prince Edward Island,2020-03-28,-58.0,-26.0,,,-46.0,
17839,CA,Canada,Prince Edward Island,2020-03-29,-43.0,-19.0,,,-34.0,
17840,CA,Canada,Prince Edward Island,2020-03-30,-56.0,-26.0,,,-55.0,21.0
17841,CA,Canada,Prince Edward Island,2020-03-31,-57.0,-26.0,,,-56.0,22.0
17842,CA,Canada,Prince Edward Island,2020-04-01,-57.0,-29.0,,,-57.0,22.0
17843,CA,Canada,Prince Edward Island,2020-04-02,-55.0,-25.0,,,-58.0,23.0
17844,CA,Canada,Prince Edward Island,2020-04-03,-56.0,-24.0,,,-56.0,25.0
17845,CA,Canada,Prince Edward Island,2020-04-04,-60.0,-31.0,,,-44.0,
17846,CA,Canada,Prince Edward Island,2020-04-05,-41.0,-20.0,,,-32.0,
17847,CA,Canada,Prince Edward Island,2020-04-06,-53.0,-24.0,,,-54.0,20.0
17848,CA,Canada,Prince Edward Island,2020-04-07,-50.0,-15.0,,,-56.0,20.0
17849,CA,Canada,Prince Edward Island,2020-04-08,-47.0,-12.0,,,-55.0,20.0
17850,CA,Canada,Prince Edward Island,2020-04-09,-32.0,15.0,,,-56.0,19.0
17851,CA,Canada,Prince Edward Island,2020-04-10,-83.0,-79.0,,,-81.0,
17852,CA,Canada,Prince Edward Island,2020-04-11,-50.0,-5.0,,,-42.0,
17853,CA,Canada,Prince Edward Island,2020-04-12,-68.0,-63.0,,,-37.0,
17854,CA,Canada,Prince Edward Island,2020-04-13,-55.0,-26.0,,,-62.0,22.0
17855,CA,Canada,Prince Edward Island,2020-04-14,-48.0,-17.0,,,-54.0,19.0
17856,CA,Canada,Prince Edward Island,2020-04-15,-42.0,-14.0,,,-55.0,20.0
17857,CA,Canada,Prince Edward Island,2020-04-16,-41.0,-10.0,,,-55.0,21.0
17858,CA,Canada,Prince Edward Island,2020-04-17,-46.0,-17.0,,,-53.0,23.0
17859,CA,Canada,Prince Edward Island,2020-04-18,-48.0,-26.0,,,-35.0,
17860,CA,Canada,Prince Edward Island,2020-04-19,-36.0,-17.0,,,-29.0,
17861,CA,Canada,Prince Edward Island,2020-04-20,-42.0,-21.0,,,-51.0,19.0
17862,CA,Canada,Prince Edward Island,2020-04-21,-41.0,-16.0,,,-52.0,18.0
17863,CA,Canada,Prince Edward Island,2020-04-22,-44.0,-22.0,,,-52.0,20.0
17864,CA,Canada,Prince Edward Island,2020-04-23,-43.0,-20.0,,,-52.0,20.0
17865,CA,Canada,Prince Edward Island,2020-04-24,-44.0,-21.0,,,-51.0,20.0
17866,CA,Canada,Prince Edward Island,2020-04-25,-44.0,-23.0,,,-35.0,
17867,CA,Canada,Prince Edward Island,2020-04-26,-27.0,-7.0,,,-26.0,
17868,CA,Canada,Prince Edward Island,2020-04-27,-42.0,-18.0,,,-49.0,18.0
17869,CA,Canada,Prince Edward Island,2020-04-28,-44.0,-18.0,,,-52.0,16.0
17870,CA,Canada,Prince Edward Island,2020-04-29,-36.0,-13.0,,,-50.0,18.0
17871,CA,Canada,Prince Edward Island,2020-04-30,-31.0,-6.0,,,-49.0,16.0
17872,CA,Canada,Prince Edward Island,2020-05-01,-39.0,-10.0,,,-49.0,18.0
17873,CA,Canada,Prince Edward Island,2020-05-02,-45.0,-19.0,,,-31.0,
17874,CA,Canada,Prince Edward Island,2020-05-03,-17.0,0.0,,,-17.0,
17875,CA,Canada,Prince Edward Island,2020-05-04,-40.0,-13.0,,,-47.0,17.0
17876,CA,Canada,Prince Edward Island,2020-05-05,-43.0,-17.0,,,-48.0,18.0
17877,CA,Canada,Prince Edward Island,2020-05-06,-32.0,-5.0,,,-47.0,15.0
17878,CA,Canada,Prince Edward Island,2020-05-07,-36.0,-9.0,,,-47.0,17.0
17879,CA,Canada,Prince Edward Island,2020-05-08,-36.0,-6.0,,,-45.0,17.0
17880,CA,Canada,Prince Edward Island,2020-05-09,-42.0,-1.0,-37.0,,-27.0,
17881,CA,Canada,Prince Edward Island,2020-05-10,-24.0,0.0,,,-11.0,
17882,CA,Canada,Prince Edward Island,2020-05-11,-32.0,-12.0,,,-43.0,12.0
17883,CA,Canada,Prince Edward Island,2020-05-12,-41.0,-15.0,,,-45.0,16.0
17884,CA,Canada,Prince Edward Island,2020-05-13,-31.0,-5.0,,,-44.0,14.0
17885,CA,Canada,Prince Edward Island,2020-05-14,-29.0,1.0,,,-44.0,12.0
17886,CA,Canada,Prince Edward Island,2020-05-15,-33.0,-5.0,,,-44.0,13.0
17887,CA,Canada,Prince Edward Island,2020-05-16,-38.0,-8.0,,,-25.0,
17888,CA,Canada,Prince Edward Island,2020-05-17,-12.0,16.0,,,-2.0,
17889,CA,Canada,Prince Edward Island,2020-05-18,-37.0,-21.0,,,-65.0,15.0
17890,CA,Canada,Prince Edward Island,2020-05-19,-28.0,0.0,,,-42.0,12.0
17891,CA,Canada,Prince Edward Island,2020-05-20,-18.0,1.0,,,-41.0,11.0
17892,CA,Canada,Prince Edward Island,2020-05-21,-21.0,3.0,,,-40.0,11.0
17893,CA,Canada,Prince Edward Island,2020-05-22,-23.0,-3.0,,,-37.0,12.0
17894,CA,Canada,Prince Edward Island,2020-05-23,-25.0,-4.0,,,-13.0,
17895,CA,Canada,Prince Edward Island,2020-05-24,-4.0,18.0,,,-1.0,
17896,CA,Canada,Prince Edward Island,2020-05-25,-14.0,3.0,,,-34.0,8.0
17897,CA,Canada,Quebec,2020-02-15,4.0,0.0,20.0,5.0,2.0,1.0
17898,CA,Canada,Quebec,2020-02-16,10.0,7.0,47.0,2.0,4.0,-1.0
17899,CA,Canada,Quebec,2020-02-17,3.0,1.0,29.0,-1.0,0.0,0.0
17900,CA,Canada,Quebec,2020-02-18,-10.0,-10.0,-7.0,-2.0,1.0,2.0
17901,CA,Canada,Quebec,2020-02-19,-3.0,-4.0,-3.0,0.0,1.0,1.0
17902,CA,Canada,Quebec,2020-02-20,1.0,0.0,-4.0,-2.0,1.0,0.0
17903,CA,Canada,Quebec,2020-02-21,-1.0,-3.0,-6.0,0.0,1.0,1.0
17904,CA,Canada,Quebec,2020-02-22,6.0,2.0,31.0,7.0,3.0,0.0
17905,CA,Canada,Quebec,2020-02-23,12.0,10.0,51.0,4.0,6.0,-1.0
17906,CA,Canada,Quebec,2020-02-24,2.0,1.0,26.0,-3.0,2.0,0.0
17907,CA,Canada,Quebec,2020-02-25,2.0,3.0,10.0,-2.0,2.0,0.0
17908,CA,Canada,Quebec,2020-02-26,0.0,3.0,-4.0,-2.0,1.0,1.0
17909,CA,Canada,Quebec,2020-02-27,-23.0,-20.0,-25.0,-10.0,-13.0,8.0
17910,CA,Canada,Quebec,2020-02-28,-1.0,-1.0,-13.0,5.0,0.0,1.0
17911,CA,Canada,Quebec,2020-02-29,6.0,4.0,2.0,13.0,3.0,0.0
17912,CA,Canada,Quebec,2020-03-01,14.0,11.0,26.0,11.0,5.0,-2.0
17913,CA,Canada,Quebec,2020-03-02,6.0,0.0,9.0,-8.0,-14.0,3.0
17914,CA,Canada,Quebec,2020-03-03,11.0,4.0,19.0,-8.0,-13.0,2.0
17915,CA,Canada,Quebec,2020-03-04,7.0,0.0,-1.0,-9.0,-14.0,3.0
17916,CA,Canada,Quebec,2020-03-05,11.0,4.0,25.0,-7.0,-14.0,2.0
17917,CA,Canada,Quebec,2020-03-06,1.0,-7.0,-7.0,-8.0,-15.0,4.0
17918,CA,Canada,Quebec,2020-03-07,6.0,1.0,25.0,6.0,2.0,0.0
17919,CA,Canada,Quebec,2020-03-08,10.0,8.0,22.0,2.0,4.0,-1.0
17920,CA,Canada,Quebec,2020-03-09,2.0,-1.0,13.0,-5.0,-1.0,1.0
17921,CA,Canada,Quebec,2020-03-10,-7.0,-8.0,-20.0,-7.0,-4.0,3.0
17922,CA,Canada,Quebec,2020-03-11,3.0,3.0,-3.0,-3.0,1.0,1.0
17923,CA,Canada,Quebec,2020-03-12,8.0,28.0,1.0,-6.0,1.0,0.0
17924,CA,Canada,Quebec,2020-03-13,-13.0,30.0,-38.0,-23.0,-15.0,8.0
17925,CA,Canada,Quebec,2020-03-14,-16.0,10.0,-13.0,-21.0,-4.0,6.0
17926,CA,Canada,Quebec,2020-03-15,-17.0,7.0,4.0,-28.0,-6.0,5.0
17927,CA,Canada,Quebec,2020-03-16,-21.0,5.0,3.0,-43.0,-30.0,11.0
17928,CA,Canada,Quebec,2020-03-17,-36.0,-3.0,-30.0,-52.0,-37.0,16.0
17929,CA,Canada,Quebec,2020-03-18,-36.0,4.0,0.0,-52.0,-41.0,17.0
17930,CA,Canada,Quebec,2020-03-19,-40.0,3.0,-1.0,-55.0,-44.0,18.0
17931,CA,Canada,Quebec,2020-03-20,-51.0,-11.0,-45.0,-59.0,-46.0,22.0
17932,CA,Canada,Quebec,2020-03-21,-54.0,-15.0,-14.0,-52.0,-32.0,15.0
17933,CA,Canada,Quebec,2020-03-22,-53.0,-20.0,-8.0,-56.0,-32.0,11.0
17934,CA,Canada,Quebec,2020-03-23,-44.0,-13.0,-41.0,-66.0,-49.0,19.0
17935,CA,Canada,Quebec,2020-03-24,-51.0,-18.0,-17.0,-67.0,-55.0,22.0
17936,CA,Canada,Quebec,2020-03-25,-60.0,-25.0,-19.0,-71.0,-64.0,26.0
17937,CA,Canada,Quebec,2020-03-26,-61.0,-22.0,-32.0,-73.0,-65.0,28.0
17938,CA,Canada,Quebec,2020-03-27,-63.0,-26.0,-14.0,-70.0,-64.0,28.0
17939,CA,Canada,Quebec,2020-03-28,-65.0,-31.0,-19.0,-64.0,-47.0,18.0
17940,CA,Canada,Quebec,2020-03-29,-70.0,-44.0,-68.0,-75.0,-45.0,15.0
17941,CA,Canada,Quebec,2020-03-30,-60.0,-34.0,-51.0,-76.0,-66.0,26.0
17942,CA,Canada,Quebec,2020-03-31,-55.0,-23.0,0.0,-72.0,-66.0,26.0
17943,CA,Canada,Quebec,2020-04-01,-57.0,-25.0,-32.0,-73.0,-67.0,27.0
17944,CA,Canada,Quebec,2020-04-02,-61.0,-28.0,-51.0,-76.0,-67.0,29.0
17945,CA,Canada,Quebec,2020-04-03,-64.0,-29.0,-51.0,-75.0,-66.0,30.0
17946,CA,Canada,Quebec,2020-04-04,-62.0,-28.0,-3.0,-63.0,-48.0,18.0
17947,CA,Canada,Quebec,2020-04-05,-84.0,-78.0,-42.0,-75.0,-52.0,16.0
17948,CA,Canada,Quebec,2020-04-06,-51.0,-20.0,4.0,-72.0,-66.0,25.0
17949,CA,Canada,Quebec,2020-04-07,-57.0,-23.0,3.0,-72.0,-67.0,26.0
17950,CA,Canada,Quebec,2020-04-08,-58.0,-24.0,-20.0,-73.0,-67.0,27.0
17951,CA,Canada,Quebec,2020-04-09,-60.0,-22.0,-57.0,-77.0,-68.0,29.0
17952,CA,Canada,Quebec,2020-04-10,-65.0,-27.0,-52.0,-78.0,-77.0,33.0
17953,CA,Canada,Quebec,2020-04-11,-64.0,-27.0,-38.0,-67.0,-49.0,19.0
17954,CA,Canada,Quebec,2020-04-12,-82.0,-75.0,1.0,-68.0,-54.0,15.0
17955,CA,Canada,Quebec,2020-04-13,-65.0,-42.0,-62.0,-81.0,-79.0,30.0
17956,CA,Canada,Quebec,2020-04-14,-54.0,-22.0,-23.0,-73.0,-66.0,27.0
17957,CA,Canada,Quebec,2020-04-15,-55.0,-24.0,-29.0,-73.0,-65.0,27.0
17958,CA,Canada,Quebec,2020-04-16,-56.0,-24.0,-26.0,-73.0,-65.0,28.0
17959,CA,Canada,Quebec,2020-04-17,-59.0,-28.0,-37.0,-72.0,-64.0,30.0
17960,CA,Canada,Quebec,2020-04-18,-59.0,-29.0,2.0,-59.0,-41.0,17.0
17961,CA,Canada,Quebec,2020-04-19,-82.0,-78.0,-42.0,-74.0,-48.0,16.0
17962,CA,Canada,Quebec,2020-04-20,-45.0,-17.0,19.0,-68.0,-61.0,23.0
17963,CA,Canada,Quebec,2020-04-21,-54.0,-29.0,-43.0,-74.0,-62.0,26.0
17964,CA,Canada,Quebec,2020-04-22,-57.0,-31.0,-49.0,-74.0,-62.0,27.0
17965,CA,Canada,Quebec,2020-04-23,-53.0,-23.0,-3.0,-70.0,-61.0,26.0
17966,CA,Canada,Quebec,2020-04-24,-56.0,-27.0,-4.0,-68.0,-60.0,27.0
17967,CA,Canada,Quebec,2020-04-25,-54.0,-24.0,41.0,-53.0,-38.0,16.0
17968,CA,Canada,Quebec,2020-04-26,-78.0,-74.0,-4.0,-68.0,-44.0,14.0
17969,CA,Canada,Quebec,2020-04-27,-44.0,-19.0,-9.0,-70.0,-59.0,23.0
17970,CA,Canada,Quebec,2020-04-28,-45.0,-20.0,36.0,-66.0,-59.0,18.0
17971,CA,Canada,Quebec,2020-04-29,-47.0,-22.0,39.0,-66.0,-59.0,23.0
17972,CA,Canada,Quebec,2020-04-30,-56.0,-26.0,-43.0,-73.0,-60.0,26.0
17973,CA,Canada,Quebec,2020-05-01,-55.0,-22.0,-16.0,-66.0,-58.0,26.0
17974,CA,Canada,Quebec,2020-05-02,-50.0,-19.0,69.0,-47.0,-34.0,14.0
17975,CA,Canada,Quebec,2020-05-03,-74.0,-69.0,40.0,-62.0,-39.0,13.0
17976,CA,Canada,Quebec,2020-05-04,-39.0,-13.0,-9.0,-67.0,-54.0,21.0
17977,CA,Canada,Quebec,2020-05-05,-43.0,-15.0,12.0,-66.0,-55.0,22.0
17978,CA,Canada,Quebec,2020-05-06,-42.0,-15.0,50.0,-62.0,-54.0,21.0
17979,CA,Canada,Quebec,2020-05-07,-43.0,-15.0,40.0,-64.0,-54.0,22.0
17980,CA,Canada,Quebec,2020-05-08,-49.0,-18.0,-13.0,-65.0,-53.0,24.0
17981,CA,Canada,Quebec,2020-05-09,-47.0,-9.0,-22.0,-57.0,-31.0,15.0
17982,CA,Canada,Quebec,2020-05-10,-69.0,-64.0,-1.0,-63.0,-33.0,12.0
17983,CA,Canada,Quebec,2020-05-11,-37.0,-11.0,28.0,-63.0,-49.0,19.0
17984,CA,Canada,Quebec,2020-05-12,-40.0,-13.0,30.0,-62.0,-50.0,20.0
17985,CA,Canada,Quebec,2020-05-13,-39.0,-13.0,60.0,-60.0,-50.0,20.0
17986,CA,Canada,Quebec,2020-05-14,-40.0,-12.0,81.0,-60.0,-50.0,18.0
17987,CA,Canada,Quebec,2020-05-15,-47.0,-19.0,-23.0,-65.0,-50.0,23.0
17988,CA,Canada,Quebec,2020-05-16,-41.0,-9.0,66.0,-46.0,-25.0,11.0
17989,CA,Canada,Quebec,2020-05-17,-64.0,-58.0,149.0,-50.0,-30.0,9.0
17990,CA,Canada,Quebec,2020-05-18,-27.0,-6.0,158.0,-65.0,-75.0,22.0
17991,CA,Canada,Quebec,2020-05-19,-30.0,-5.0,70.0,-59.0,-47.0,18.0
17992,CA,Canada,Quebec,2020-05-20,-29.0,-3.0,110.0,-56.0,-47.0,17.0
17993,CA,Canada,Quebec,2020-05-21,-32.0,-4.0,113.0,-56.0,-47.0,18.0
17994,CA,Canada,Quebec,2020-05-22,-37.0,-7.0,94.0,-54.0,-44.0,17.0
17995,CA,Canada,Quebec,2020-05-23,-37.0,-5.0,103.0,-42.0,-17.0,9.0
17996,CA,Canada,Quebec,2020-05-24,-42.0,-27.0,154.0,-44.0,-16.0,5.0
17997,CA,Canada,Quebec,2020-05-25,-22.0,-7.0,76.0,-56.0,-45.0,16.0
17998,CA,Canada,Saskatchewan,2020-02-15,2.0,-1.0,-6.0,3.0,-2.0,0.0
17999,CA,Canada,Saskatchewan,2020-02-16,5.0,-2.0,40.0,0.0,-3.0,-1.0
18000,CA,Canada,Saskatchewan,2020-02-17,-11.0,-13.0,9.0,-29.0,-68.0,14.0
18001,CA,Canada,Saskatchewan,2020-02-18,-2.0,-1.0,-12.0,-4.0,-18.0,4.0
18002,CA,Canada,Saskatchewan,2020-02-19,-1.0,-2.0,-6.0,-6.0,-15.0,3.0
18003,CA,Canada,Saskatchewan,2020-02-20,13.0,14.0,25.0,-2.0,-15.0,1.0
18004,CA,Canada,Saskatchewan,2020-02-21,2.0,3.0,7.0,-3.0,-14.0,1.0
18005,CA,Canada,Saskatchewan,2020-02-22,2.0,3.0,15.0,-3.0,2.0,0.0
18006,CA,Canada,Saskatchewan,2020-02-23,6.0,4.0,39.0,-1.0,3.0,-1.0
18007,CA,Canada,Saskatchewan,2020-02-24,1.0,1.0,12.0,-2.0,1.0,0.0
18008,CA,Canada,Saskatchewan,2020-02-25,1.0,3.0,12.0,0.0,2.0,0.0
18009,CA,Canada,Saskatchewan,2020-02-26,6.0,5.0,10.0,-1.0,3.0,0.0
18010,CA,Canada,Saskatchewan,2020-02-27,10.0,12.0,22.0,0.0,2.0,-1.0
18011,CA,Canada,Saskatchewan,2020-02-28,8.0,8.0,10.0,4.0,3.0,-2.0
18012,CA,Canada,Saskatchewan,2020-02-29,11.0,10.0,13.0,3.0,5.0,-1.0
18013,CA,Canada,Saskatchewan,2020-03-01,1.0,4.0,1.0,0.0,2.0,1.0
18014,CA,Canada,Saskatchewan,2020-03-02,4.0,8.0,0.0,1.0,2.0,0.0
18015,CA,Canada,Saskatchewan,2020-03-03,4.0,5.0,10.0,2.0,3.0,0.0
18016,CA,Canada,Saskatchewan,2020-03-04,4.0,6.0,6.0,-1.0,3.0,0.0
18017,CA,Canada,Saskatchewan,2020-03-05,7.0,9.0,8.0,2.0,3.0,0.0
18018,CA,Canada,Saskatchewan,2020-03-06,7.0,8.0,9.0,2.0,3.0,-2.0
18019,CA,Canada,Saskatchewan,2020-03-07,3.0,4.0,-17.0,-7.0,2.0,1.0
18020,CA,Canada,Saskatchewan,2020-03-08,0.0,1.0,-5.0,-2.0,3.0,1.0
18021,CA,Canada,Saskatchewan,2020-03-09,7.0,5.0,12.0,-4.0,-1.0,1.0
18022,CA,Canada,Saskatchewan,2020-03-10,6.0,6.0,18.0,3.0,3.0,0.0
18023,CA,Canada,Saskatchewan,2020-03-11,8.0,11.0,17.0,0.0,3.0,0.0
18024,CA,Canada,Saskatchewan,2020-03-12,10.0,30.0,1.0,-3.0,2.0,0.0
18025,CA,Canada,Saskatchewan,2020-03-13,1.0,32.0,-18.0,-7.0,-1.0,1.0
18026,CA,Canada,Saskatchewan,2020-03-14,-7.0,24.0,-33.0,-13.0,-1.0,4.0
18027,CA,Canada,Saskatchewan,2020-03-15,-14.0,8.0,-8.0,-17.0,-4.0,4.0
18028,CA,Canada,Saskatchewan,2020-03-16,-5.0,34.0,-10.0,-23.0,-8.0,5.0
18029,CA,Canada,Saskatchewan,2020-03-17,-17.0,20.0,4.0,-24.0,-18.0,8.0
18030,CA,Canada,Saskatchewan,2020-03-18,-24.0,20.0,1.0,-31.0,-23.0,11.0
18031,CA,Canada,Saskatchewan,2020-03-19,-29.0,13.0,7.0,-37.0,-29.0,13.0
18032,CA,Canada,Saskatchewan,2020-03-20,-37.0,7.0,-8.0,-39.0,-36.0,15.0
18033,CA,Canada,Saskatchewan,2020-03-21,-51.0,-9.0,0.0,-37.0,-27.0,12.0
18034,CA,Canada,Saskatchewan,2020-03-22,-53.0,-22.0,39.0,-46.0,-31.0,10.0
18035,CA,Canada,Saskatchewan,2020-03-23,-47.0,-13.0,25.0,-50.0,-44.0,16.0
18036,CA,Canada,Saskatchewan,2020-03-24,-54.0,-22.0,-15.0,-50.0,-47.0,20.0
18037,CA,Canada,Saskatchewan,2020-03-25,-52.0,-17.0,-9.0,-53.0,-48.0,19.0
18038,CA,Canada,Saskatchewan,2020-03-26,-50.0,-13.0,13.0,-54.0,-49.0,20.0
18039,CA,Canada,Saskatchewan,2020-03-27,-50.0,-13.0,6.0,-51.0,-49.0,20.0
18040,CA,Canada,Saskatchewan,2020-03-28,-54.0,-18.0,11.0,-49.0,-36.0,14.0
18041,CA,Canada,Saskatchewan,2020-03-29,-53.0,-24.0,45.0,-52.0,-37.0,11.0
18042,CA,Canada,Saskatchewan,2020-03-30,-45.0,-16.0,10.0,-55.0,-49.0,17.0
18043,CA,Canada,Saskatchewan,2020-03-31,-49.0,-20.0,-23.0,-55.0,-50.0,20.0
18044,CA,Canada,Saskatchewan,2020-04-01,-51.0,-21.0,-30.0,-57.0,-50.0,20.0
18045,CA,Canada,Saskatchewan,2020-04-02,-50.0,-16.0,-23.0,-58.0,-50.0,21.0
18046,CA,Canada,Saskatchewan,2020-04-03,-47.0,-11.0,-24.0,-56.0,-49.0,21.0
18047,CA,Canada,Saskatchewan,2020-04-04,-57.0,-24.0,-45.0,-59.0,-39.0,16.0
18048,CA,Canada,Saskatchewan,2020-04-05,-55.0,-29.0,-14.0,-59.0,-39.0,12.0
18049,CA,Canada,Saskatchewan,2020-04-06,-50.0,-21.0,-15.0,-60.0,-50.0,19.0
18050,CA,Canada,Saskatchewan,2020-04-07,-45.0,-12.0,10.0,-53.0,-50.0,19.0
18051,CA,Canada,Saskatchewan,2020-04-08,-47.0,-11.0,-24.0,-57.0,-50.0,20.0
18052,CA,Canada,Saskatchewan,2020-04-09,-30.0,19.0,14.0,-53.0,-51.0,18.0
18053,CA,Canada,Saskatchewan,2020-04-10,-57.0,-28.0,-3.0,-65.0,-77.0,28.0
18054,CA,Canada,Saskatchewan,2020-04-11,-50.0,-11.0,-33.0,-58.0,-40.0,15.0
18055,CA,Canada,Saskatchewan,2020-04-12,-62.0,-43.0,-13.0,-63.0,-42.0,13.0
18056,CA,Canada,Saskatchewan,2020-04-13,-50.0,-24.0,-12.0,-61.0,-57.0,20.0
18057,CA,Canada,Saskatchewan,2020-04-14,-44.0,-12.0,23.0,-53.0,-49.0,19.0
18058,CA,Canada,Saskatchewan,2020-04-15,-39.0,-6.0,11.0,-55.0,-49.0,19.0
18059,CA,Canada,Saskatchewan,2020-04-16,-39.0,-7.0,17.0,-53.0,-49.0,19.0
18060,CA,Canada,Saskatchewan,2020-04-17,-43.0,-12.0,4.0,-53.0,-48.0,20.0
18061,CA,Canada,Saskatchewan,2020-04-18,-46.0,-14.0,-19.0,-52.0,-33.0,14.0
18062,CA,Canada,Saskatchewan,2020-04-19,-43.0,-21.0,43.0,-54.0,-34.0,10.0
18063,CA,Canada,Saskatchewan,2020-04-20,-35.0,-12.0,40.0,-54.0,-47.0,16.0
18064,CA,Canada,Saskatchewan,2020-04-21,-35.0,-8.0,87.0,-48.0,-47.0,16.0
18065,CA,Canada,Saskatchewan,2020-04-22,-37.0,-9.0,37.0,-53.0,-46.0,17.0
18066,CA,Canada,Saskatchewan,2020-04-23,-34.0,-5.0,57.0,-53.0,-46.0,17.0
18067,CA,Canada,Saskatchewan,2020-04-24,-41.0,-12.0,4.0,-53.0,-46.0,18.0
18068,CA,Canada,Saskatchewan,2020-04-25,-39.0,-9.0,46.0,-44.0,-29.0,10.0
18069,CA,Canada,Saskatchewan,2020-04-26,-41.0,-19.0,6.0,-54.0,-32.0,10.0
18070,CA,Canada,Saskatchewan,2020-04-27,-31.0,-6.0,62.0,-50.0,-45.0,15.0
18071,CA,Canada,Saskatchewan,2020-04-28,-31.0,-3.0,58.0,-48.0,-45.0,9.0
18072,CA,Canada,Saskatchewan,2020-04-29,-29.0,1.0,81.0,-46.0,-44.0,15.0
18073,CA,Canada,Saskatchewan,2020-04-30,-27.0,3.0,89.0,-47.0,-45.0,15.0
18074,CA,Canada,Saskatchewan,2020-05-01,-35.0,-7.0,13.0,-50.0,-44.0,17.0
18075,CA,Canada,Saskatchewan,2020-05-02,-36.0,-7.0,44.0,-43.0,-27.0,9.0
18076,CA,Canada,Saskatchewan,2020-05-03,-33.0,-10.0,65.0,-49.0,-26.0,7.0
18077,CA,Canada,Saskatchewan,2020-05-04,-27.0,-4.0,58.0,-48.0,-43.0,14.0
18078,CA,Canada,Saskatchewan,2020-05-05,-28.0,-2.0,91.0,-46.0,-43.0,14.0
18079,CA,Canada,Saskatchewan,2020-05-06,-28.0,1.0,104.0,-46.0,-42.0,14.0
18080,CA,Canada,Saskatchewan,2020-05-07,-26.0,4.0,102.0,-45.0,-43.0,14.0
18081,CA,Canada,Saskatchewan,2020-05-08,-35.0,-5.0,9.0,-50.0,-43.0,16.0
18082,CA,Canada,Saskatchewan,2020-05-09,-36.0,4.0,-8.0,-45.0,-25.0,11.0
18083,CA,Canada,Saskatchewan,2020-05-10,-23.0,1.0,76.0,-41.0,-20.0,5.0
18084,CA,Canada,Saskatchewan,2020-05-11,-28.0,-7.0,65.0,-49.0,-41.0,13.0
18085,CA,Canada,Saskatchewan,2020-05-12,-29.0,-5.0,72.0,-45.0,-41.0,14.0
18086,CA,Canada,Saskatchewan,2020-05-13,-27.0,4.0,75.0,-44.0,-40.0,14.0
18087,CA,Canada,Saskatchewan,2020-05-14,-22.0,8.0,128.0,-39.0,-41.0,13.0
18088,CA,Canada,Saskatchewan,2020-05-15,-27.0,5.0,100.0,-38.0,-42.0,12.0
18089,CA,Canada,Saskatchewan,2020-05-16,-32.0,-1.0,121.0,-28.0,-23.0,5.0
18090,CA,Canada,Saskatchewan,2020-05-17,-28.0,-5.0,163.0,-36.0,-22.0,4.0
18091,CA,Canada,Saskatchewan,2020-05-18,-32.0,-12.0,155.0,-56.0,-75.0,16.0
18092,CA,Canada,Saskatchewan,2020-05-19,-16.0,10.0,124.0,-36.0,-40.0,11.0
18093,CA,Canada,Saskatchewan,2020-05-20,-14.0,15.0,50.0,-43.0,-39.0,13.0
18094,CA,Canada,Saskatchewan,2020-05-21,-12.0,20.0,80.0,-38.0,-39.0,13.0
18095,CA,Canada,Saskatchewan,2020-05-22,-21.0,8.0,83.0,-36.0,-37.0,12.0
18096,CA,Canada,Saskatchewan,2020-05-23,-24.0,6.0,68.0,-27.0,-14.0,6.0
18097,CA,Canada,Saskatchewan,2020-05-24,-19.0,3.0,197.0,-24.0,-16.0,3.0
18098,CA,Canada,Saskatchewan,2020-05-25,-13.0,11.0,151.0,-38.0,-39.0,10.0
18099,CA,Canada,Yukon,2020-02-15,12.0,7.0,,,,
18100,CA,Canada,Yukon,2020-02-16,13.0,-2.0,,,,
18101,CA,Canada,Yukon,2020-02-17,10.0,-2.0,,,2.0,
18102,CA,Canada,Yukon,2020-02-18,5.0,0.0,,,1.0,
18103,CA,Canada,Yukon,2020-02-19,7.0,5.0,,,2.0,
18104,CA,Canada,Yukon,2020-02-20,18.0,24.0,,,1.0,
18105,CA,Canada,Yukon,2020-02-21,12.0,0.0,,,-39.0,
18106,CA,Canada,Yukon,2020-02-22,27.0,11.0,,,,
18107,CA,Canada,Yukon,2020-02-23,16.0,6.0,,,,
18108,CA,Canada,Yukon,2020-02-24,1.0,7.0,,,0.0,
18109,CA,Canada,Yukon,2020-02-25,3.0,12.0,,,-1.0,
18110,CA,Canada,Yukon,2020-02-26,11.0,3.0,,,2.0,
18111,CA,Canada,Yukon,2020-02-27,11.0,4.0,,,4.0,
18112,CA,Canada,Yukon,2020-02-28,17.0,11.0,,,-2.0,
18113,CA,Canada,Yukon,2020-02-29,0.0,11.0,,,,
18114,CA,Canada,Yukon,2020-03-01,22.0,15.0,,,,
18115,CA,Canada,Yukon,2020-03-02,10.0,17.0,,,4.0,
18116,CA,Canada,Yukon,2020-03-03,9.0,10.0,,,1.0,
18117,CA,Canada,Yukon,2020-03-04,13.0,3.0,,,3.0,
18118,CA,Canada,Yukon,2020-03-05,6.0,-6.0,,,2.0,
18119,CA,Canada,Yukon,2020-03-06,10.0,12.0,,,5.0,
18120,CA,Canada,Yukon,2020-03-07,4.0,16.0,,,,
18121,CA,Canada,Yukon,2020-03-08,8.0,9.0,,,,
18122,CA,Canada,Yukon,2020-03-09,10.0,12.0,,,1.0,
18123,CA,Canada,Yukon,2020-03-10,6.0,24.0,,,4.0,
18124,CA,Canada,Yukon,2020-03-11,13.0,12.0,,,4.0,
18125,CA,Canada,Yukon,2020-03-12,13.0,20.0,,,3.0,
18126,CA,Canada,Yukon,2020-03-13,16.0,39.0,,,0.0,
18127,CA,Canada,Yukon,2020-03-14,5.0,18.0,,,,
18128,CA,Canada,Yukon,2020-03-15,10.0,17.0,,,,
18129,CA,Canada,Yukon,2020-03-16,11.0,37.0,,,-10.0,
18130,CA,Canada,Yukon,2020-03-17,-3.0,36.0,,,-19.0,
18131,CA,Canada,Yukon,2020-03-18,-13.0,8.0,,,-25.0,
18132,CA,Canada,Yukon,2020-03-19,-17.0,11.0,,,-28.0,
18133,CA,Canada,Yukon,2020-03-20,-19.0,-6.0,,,-30.0,
18134,CA,Canada,Yukon,2020-03-21,-29.0,2.0,,,-11.0,
18135,CA,Canada,Yukon,2020-03-22,-39.0,-19.0,,,,
18136,CA,Canada,Yukon,2020-03-23,-34.0,-4.0,,,-38.0,
18137,CA,Canada,Yukon,2020-03-24,-40.0,-11.0,,,-46.0,
18138,CA,Canada,Yukon,2020-03-25,-40.0,-22.0,,,-46.0,
18139,CA,Canada,Yukon,2020-03-26,-39.0,-11.0,,,-48.0,
18140,CA,Canada,Yukon,2020-03-27,-40.0,-23.0,,,-46.0,
18141,CA,Canada,Yukon,2020-03-28,-45.0,-21.0,,,-31.0,
18142,CA,Canada,Yukon,2020-03-29,-43.0,-28.0,,,,
18143,CA,Canada,Yukon,2020-03-30,-39.0,-22.0,,,-45.0,
18144,CA,Canada,Yukon,2020-03-31,-40.0,-20.0,,,-46.0,
18145,CA,Canada,Yukon,2020-04-01,-37.0,-25.0,,,-44.0,
18146,CA,Canada,Yukon,2020-04-02,-35.0,-11.0,,,-47.0,
18147,CA,Canada,Yukon,2020-04-03,-41.0,-19.0,,,-47.0,
18148,CA,Canada,Yukon,2020-04-04,-42.0,-7.0,,,-31.0,
18149,CA,Canada,Yukon,2020-04-05,-41.0,-26.0,,,-32.0,
18150,CA,Canada,Yukon,2020-04-06,,,,,-43.0,
18151,CA,Canada,Yukon,2020-04-07,,,,,-46.0,
18152,CA,Canada,Yukon,2020-04-08,,,,,-47.0,
18153,CA,Canada,Yukon,2020-04-09,,,,,-47.0,
18154,CA,Canada,Yukon,2020-04-10,,,,,-78.0,
18155,CA,Canada,Yukon,2020-04-11,,,,,-38.0,
18156,CA,Canada,Yukon,2020-04-12,,,,,-37.0,
18157,CA,Canada,Yukon,2020-04-13,,,,,-68.0,
18158,CA,Canada,Yukon,2020-04-14,,,,,-46.0,
18159,CA,Canada,Yukon,2020-04-15,,,,,-43.0,
18160,CA,Canada,Yukon,2020-04-16,,,,,-42.0,
18161,CA,Canada,Yukon,2020-04-17,,,,,-42.0,
18162,CA,Canada,Yukon,2020-04-18,,,,,-25.0,
18163,CA,Canada,Yukon,2020-04-20,,,,,-40.0,
18164,CA,Canada,Yukon,2020-04-21,,,,,-42.0,
18165,CA,Canada,Yukon,2020-04-22,,,,,-39.0,
18166,CA,Canada,Yukon,2020-04-23,,,,,-41.0,
18167,CA,Canada,Yukon,2020-04-24,-48.0,,,,-40.0,
18168,CA,Canada,Yukon,2020-04-25,,,,,-26.0,
18169,CA,Canada,Yukon,2020-04-27,,,,,-39.0,
18170,CA,Canada,Yukon,2020-04-28,,,,,-40.0,
18171,CA,Canada,Yukon,2020-04-29,,,,,-39.0,
18172,CA,Canada,Yukon,2020-04-30,,,,,-38.0,
18173,CA,Canada,Yukon,2020-05-01,-45.0,,,,-35.0,
18174,CA,Canada,Yukon,2020-05-02,,,,,-18.0,
18175,CA,Canada,Yukon,2020-05-04,,,,,-34.0,
18176,CA,Canada,Yukon,2020-05-05,,,,,-38.0,
18177,CA,Canada,Yukon,2020-05-06,,,,,-38.0,
18178,CA,Canada,Yukon,2020-05-07,,,,,-34.0,
18179,CA,Canada,Yukon,2020-05-08,,,,,-34.0,
18180,CA,Canada,Yukon,2020-05-09,,,,,-15.0,
18181,CA,Canada,Yukon,2020-05-11,,,,,-36.0,
18182,CA,Canada,Yukon,2020-05-12,,,,,-37.0,
18183,CA,Canada,Yukon,2020-05-13,,,,,-33.0,
18184,CA,Canada,Yukon,2020-05-14,-34.0,,,,-33.0,
18185,CA,Canada,Yukon,2020-05-15,-37.0,,,,-34.0,
18186,CA,Canada,Yukon,2020-05-16,-45.0,,,,-21.0,
18187,CA,Canada,Yukon,2020-05-18,-52.0,,,,-74.0,
18188,CA,Canada,Yukon,2020-05-19,-40.0,,,,-33.0,
18189,CA,Canada,Yukon,2020-05-20,-31.0,,,,-30.0,
18190,CA,Canada,Yukon,2020-05-21,-33.0,,,,-32.0,
18191,CA,Canada,Yukon,2020-05-22,-36.0,,,,-30.0,
18192,CA,Canada,Yukon,2020-05-23,-40.0,,,,-12.0,
18193,CA,Canada,Yukon,2020-05-25,-38.0,,,,-32.0,
